ID,EMPRESA,SECTOR,CAPA,SUB-CATEGORIA,STATUS_PROSPECCION,HQ_CIUDAD_ESTADO,SITIO_WEB,CONTACTO_1_NOMBRE,CONTACTO_1_CARGO,CONTACTO_1_EMAIL,CONTACTO_1_LINKEDIN,CONTACTO_2_NOMBRE,CONTACTO_2_CARGO,CONTACTO_2_EMAIL,CONTACTO_2_LINKEDIN,CONTACTO_3_NOMBRE,CONTACTO_3_CARGO,CONTACTO_3_EMAIL,CONTACTO_3_LINKEDIN,ANGULO_VENTA_FERNANDO_ANZURES,PRIMERA_LINEA_HIPERPERSONALIZADA
1,Goya Foods,,Capa 1,,Validado Multi-Contacto C-Level,,,,,,,,,,,,,,,,Admiro el liderazgo continuo de Goya celebrando casi nueve décadas alimentando y representando a las familias hispanas en todo Estados Unidos.
2,Bacardi USA,,Capa 1,,Validado Multi-Contacto C-Level,,,,,,,,,,,,,,,,Admiro el compromiso inquebrantable de Bacardi con las artes y el liderazgo empresarial en Coral Gables y a nivel global.
3,TelevisaUnivision,,Capa 1,,Validado Multi-Contacto C-Level,,,,,,,,,,,,,,,,Impresionante el despliegue y crecimiento de ViX consolidando el ecosistema de contenidos en español más influyente del planeta.
4,Related Group,,Capa 1,,Validado Multi-Contacto C-Level,,,,,,,,,,,,,,,,Es una inspiración ver cómo Related Group ha redefinido el horizonte urbano y cultural de Miami integrando arte y arquitectura de clase mundial.
5,MasTec,,Capa 1,,Validado Multi-Contacto C-Level,,,,,,,,,,,,,,,,Orgullo ver a una compañía fundada por inmigrantes cubanos posicionarse en Fortune 500 liderando la transición energética de Estados Unidos.
6,Grupo Bimbo,,Capa 2,,Validado Multi-Contacto C-Level,,,,,,,,,,,,,,,,Admiro cómo Bimbo consolidó el liderazgo en panificación en EE. UU. manteniendo sus marcas con profunda identidad latina en cada hogar.
7,Gruma (Mission Foods),,Capa 2,,Validado Multi-Contacto C-Level,,,,,,,,,,,,,,,,Mission Foods es el ejemplo más contundente de una multinacional nacida en México que conquistó las mesas de todo Estados Unidos.
8,José Cuervo (Proximo),,Capa 2,,Validado Multi-Contacto C-Level,,,,,,,,,,,,,,,,Cuervo es la referencia histórica del tequila mexicano que abrió el camino a la mayor categoría de destilados en Estados Unidos.
9,Chedraui USA,,Capa 2,,Validado Multi-Contacto C-Level,,,,,,,,,,,,,,,,Magistral la integración y expansión de Smart & Final y El Super consolidando más de 370 tiendas en el suroeste de EE. UU.
10,Aeroméxico,,Capa 2,,Validado Multi-Contacto C-Level,,,,,,,,,,,,,,,,Excelente la continua apertura de nuevas rutas conjuntas con Delta fortaleciendo los lazos de negocios entre México y Estados Unidos.
11,Avianca Airlines,,Capa 2,,Validado Multi-Contacto C-Level,,,,,,,,,,,,,,,,Excelente noticia la consolidación de nuevas frecuencias y rutas directas conectando las principales ciudades de EE. UU. con Suramérica.
12,Bancolombia,,Capa 2,,Validado Multi-Contacto C-Level,,,,,,,,,,,,,,,,Bancolombia es la institución financiera que acompaña el patrimonio y las transacciones estratégicas entre Colombia y Estados Unidos.
13,Argos USA,,Capa 2,,Validado Multi-Contacto C-Level,,,,,,,,,,,,,,,,Magistral la combinación de operaciones con Summit Materials creando una de las plataformas de materiales de construcción más potentes de USA.
14,City National Bank FL,,Capa 2,,Validado Multi-Contacto C-Level,,,,,,,,,,,,,,,,"City National Bank of Florida, respaldado por Bci Chile, representa la consolidación bancaria más respetada y sólida del estado de Florida."
15,Mercado Libre,,Capa 2,,Validado Multi-Contacto C-Level,,,,,,,,,,,,,,,,Mercado Libre es el mayor orgullo tecnológico de América Latina; su impacto democratizando el comercio y los pagos es histórico.
16,Nubank,,Capa 2,,Validado Multi-Contacto C-Level,,,,,,,,,,,,,,,,"Superar los 100 millones de clientes desafiando el status quo bancario convierte a Nu en la mayor inspiración para los 2,500 doers de EXMA."
17,Tecnoglass,,Capa 2,,Validado Multi-Contacto C-Level,,,,,,,,,,,,,,,,Orgullo colombo-estadounidense ver a Tecnoglass cotizar en el NYSE e instalar las ventanas de los rascacielos más emblemáticos de Miami.
18,La Banderita (Olé),,Capa 1,,Validado Multi-Contacto C-Level,,,,,,,,,,,,,,,,Una historia inspiradora de liderazgo femenino latino cómo Veronica Moreno levantó una de las mayores empresas de tortillas de Norteamérica.
19,Versailles Restaurant,,Capa 1,,Validado Multi-Contacto C-Level,,,,,,,,,,,,,,,,"Versailles es el epicentro social, político y cultural indiscutible de la diáspora hispana y el lugar de encuentro obligado en Miami."
20,Porto's Bakery,,Capa 1,,Validado Multi-Contacto C-Level,,,,,,,,,,,,,,,,La fila de clientes en Porto's demuestra que la pasión y la receta familiar de Rosa Porto crearon un fenómeno gastronómico en California.
21,U.S. Century Bank,,Capa 1,,Validado Multi-Contacto C-Level,,,,,,,,,,,,,,,,Felicidades por su cotización en NASDAQ y el liderazgo continuo impulsando el financiamiento de pequeños y medianos negocios en Miami-Dade.
22,Barcel USA (Takis),,Capa 2,,Validado Multi-Contacto C-Level,,,,,,,,,,,,,,,,"El fenómeno masivo de Takis Fuego conquistó a la Generación Z en EE. UU., convirtiéndose en el mayor caso de éxito de un snack mexicano en el mundo."
23,Becle (1800 Tequila),,Capa 2,,Validado Multi-Contacto C-Level,,,,,,,,,,,,,,,,1800 Tequila y Gran Centenario son la máxima expresión del arte tequilero mexicano compitiendo y ganando en el segmento ultra-premium en USA.
24,Tequila Don Julio,,Capa 2,,Validado Multi-Contacto C-Level,,,,,,,,,,,,,,,,Don Julio 1942 redefinió la cultura nocturna y las celebraciones en Estados Unidos posicionando el lujo mexicano en la cima mundial.
25,Tequila Patrón,,Capa 2,,Validado Multi-Contacto C-Level,,,,,,,,,,,,,,,,Patrón demostró que la devoción por la producción artesanal en Los Altos de Jalisco podía crear una de las marcas más valiosas del planeta.
26,Bitso,,Capa 2,,Validado Multi-Contacto C-Level,,,,,,,,,,,,,,,,Bitso procesa miles de millones de dólares en pagos transfronterizos entre EE. UU. y México reduciendo costos y tiempos para nuestros doers.
27,Servientrega Intl.,,Capa 2,,Validado Multi-Contacto C-Level,,,,,,,,,,,,,,,,Una historia legendaria de doers de cómo Jesús Guerrero empezó en bicicleta y construyó el imperio logístico verde de entrega en Colombia y USA.
28,Platzi,,Capa 2,,Validado Multi-Contacto C-Level,,,,,,,,,,,,,,,,Platzi ha transformado la vida de millones de estudiantes nunca parando de aprender y convirtiendo a Latinoamérica en potencia tecnológica.
29,Embraer North America,,Capa 2,,Validado Multi-Contacto C-Level,,,,,,,,,,,,,,,,Embraer es el mayor orgullo de ingeniería aeroespacial latinoamericana dominando la aviación ejecutiva y regional en Estados Unidos.
30,CMI Alimentos,,Capa 2,,Validado Multi-Contacto C-Level,,,,,,,,,,,,,,,,CMI es uno de los conglomerados agroindustriales más admirados de América Latina impulsando el desarrollo sostenible y la nutrición regional.
31,Sedano's Supermarkets,,,,Validado Multi-Contacto C-Level,,,,,,,,,,,,,,,,
32,Amerant Bank,,,,Validado Multi-Contacto C-Level,,,,,,,,,,,,,,,,
33,Vallarta Supermarkets,,,,Validado Multi-Contacto C-Level,,,,,,,,,,,,,,,,
34,Northgate González Market,,,,Validado Multi-Contacto C-Level,,,,,,,,,,,,,,,,
35,El Pollo Loco,,,,Validado Multi-Contacto C-Level,,,,,,,,,,,,,,,,
36,Ocean Bank,,,,Validado Multi-Contacto C-Level,,,,,,,,,,,,,,,,
37,Cinépolis USA,,,,Validado Multi-Contacto C-Level,,,,,,,,,,,,,,,,
38,Grupo Xcaret,,,,Validado Multi-Contacto C-Level,,,,,,,,,,,,,,,,
39,Cemex USA,,,,Validado Multi-Contacto C-Level,,,,,,,,,,,,,,,,
40,Grupo Lala,,,,Validado Multi-Contacto C-Level,,,,,,,,,,,,,,,,
41,Rappi,,,,Validado Multi-Contacto C-Level,,,,,,,,,,,,,,,,
42,Ualá,,,,Validado Multi-Contacto C-Level,,,,,,,,,,,,,,,,
43,Clip,,,,Validado Multi-Contacto C-Level,,,,,,,,,,,,,,,,
44,Arcor USA,,,,Validado Multi-Contacto C-Level,,,,,,,,,,,,,,,,
45,Natura & Co,,,,Validado Multi-Contacto C-Level,,,,,,,,,,,,,,,,
46,Despegar / Decolar,,,,Validado Multi-Contacto C-Level,,,,,,,,,,,,,,,,
47,Alicorp USA,,,,Validado Multi-Contacto C-Level,,,,,,,,,,,,,,,,
48,Intermex,,,,Validado Multi-Contacto C-Level,,,,,,,,,,,,,,,,
49,Ruiz Foods,,,,Validado Multi-Contacto C-Level,,,,,,,,,,,,,,,,
50,Pollo Tropical,,,,Validado Multi-Contacto C-Level,,,,,,,,,,,,,,,,
51,La Fe Foods,,,,Validado Multi-Contacto C-Level,,,,,,,,,,,,,,,,
52,Iberia Foods,,,,Validado Multi-Contacto C-Level,,,,,,,,,,,,,,,,
53,Del Real Foods,,,,Validado Multi-Contacto C-Level,,,,,,,,,,,,,,,,
54,Tampico Beverages,,,,Validado Multi-Contacto C-Level,,,,,,,,,,,,,,,,
55,Superior Grocers,,,,Validado Multi-Contacto C-Level,,,,,,,,,,,,,,,,
56,V&E Hospitality,,,,Validado Multi-Contacto C-Level,,,,,,,,,,,,,,,,
57,Sergio's Cuban Kitchen,,,,Validado Multi-Contacto C-Level,,,,,,,,,,,,,,,,
58,Pincho,,,,Validado Multi-Contacto C-Level,,,,,,,,,,,,,,,,
59,Fortune International Group,,,,Validado Multi-Contacto C-Level,,,,,,,,,,,,,,,,
60,Marquez Brothers (El Mexicano),,,,Validado Multi-Contacto C-Level,,,,,,,,,,,,,,,,
61,Walmart Inc.,,Capa 3,,Validado Multi-Contacto C-Level,,,,,,,,,,,,,,,,La iniciativa 'Juntos Somos Más' y el apoyo continuo a proveedores hispanos demuestran el compromiso de Walmart con nuestra comunidad.
62,Target Corporation,,Capa 3,,Validado Multi-Contacto C-Level,,,,,,,,,,,,,,,,La aceleradora 'Target Más Que' y su inversión en marcas fundadas por latinos reflejan un liderazgo indiscutible en inclusión.
63,The Home Depot,,Capa 3,,Validado Multi-Contacto C-Level,,,,,,,,,,,,,,,,El programa de apoyo a contratistas hispanos y la alianza con la Hispanic Heritage Foundation son un referente de impacto comunitario.
64,Taco Bell Corp. (Yum! Brands),,Capa 3,,Validado Multi-Contacto C-Level,,,,,,,,,,,,,,,,Brillante la modernización cultural del menú y la continua celebración del sabor y la creatividad en el mercado norteamericano.
65,Anheuser-Busch InBev,,Capa 3,,Validado Multi-Contacto C-Level,,,,,,,,,,,,,,,,Michelob Ultra y Corona han sabido conectar con el estilo de vida activo y la pasión deportiva de la comunidad hispana en EE. UU.
66,Adobe Inc.,,Capa 4,,Validado Multi-Contacto C-Level,,,,,,,,,,,,,,,,Adobe Firefly y Creative Cloud están democratizando las herramientas de diseño e innovación para la nueva generación de creadores latinos.
67,American Express Company,,Capa 4,,Validado Multi-Contacto C-Level,,,,,,,,,,,,,,,,Su iniciativa 'Shop Small' y el respaldo crediticio a negocios fundados por minorías han sido vitales para los emprendedores en Miami.
68,"Block, Inc. (Square / Cash App)",,Capa 4,,Validado Multi-Contacto C-Level,,,,,,,,,,,,,,,,"Square y Cash App han eliminado la fricción bancaria para miles de microempresarios hispanos, acelerando la inclusión financiera."
69,Visa Inc.,,Capa 4,,Validado Multi-Contacto C-Level,,,,,,,,,,,,,,,,La iniciativa 'Visa She's Next' y su liderazgo en pagos transfronterizos potencian a miles de dueños de negocios en Florida y la región.
70,Shopify Inc.,,Capa 4,,Validado Multi-Contacto C-Level,,,,,,,,,,,,,,,,Shopify es la plataforma sobre la que miles de marcas latinas independientes han levantado negocios millonarios desde casa.
71,JPMorgan Chase & Co.,,Capa 3,,Validado Multi-Contacto C-Level,,,,,,,,,,,,,,,,La iniciativa 'Advancing Black and Hispanic Wealth' y su compromiso crediticio en Miami marcan la pauta en inclusión económica.
72,T-Mobile US,,Capa 3,,Validado Multi-Contacto C-Level,,,,,,,,,,,,,,,,T-Mobile y Metro han revolucionado la conectividad móvil de las familias hispanas con planes transparentes y gran arraigo cultural.
73,State Farm Insurance,,Capa 3,,Validado Multi-Contacto C-Level,,,,,,,,,,,,,,,,Su presencia comunitaria con agentes locales bilingües convierte a State Farm en el vecino de confianza de millones de hogares hispanos.
74,Wells Fargo & Company,,Capa 3,,Validado Multi-Contacto C-Level,,,,,,,,,,,,,,,,El programa 'Our Money 101' y el financiamiento hipotecario a familias latinas demuestran su compromiso con el patrimonio hispano.
75,General Motors (Chevrolet),,Capa 3,,Validado Multi-Contacto C-Level,,,,,,,,,,,,,,,,Chevrolet Silverado y la transición eléctrica de GM conectan profundamente con los emprendedores y trabajadores de nuestra comunidad.
76,Google (Alphabet Inc.),,Capa 4,,Validado Multi-Contacto C-Level,,,,,,,,,,,,,,,,La iniciativa 'Google for Latino Founders Fund' y sus herramientas de IA están catapultando la productividad de nuestras empresas.
77,Meta Platforms (Instagram / WhatsApp),,Capa 4,,Validado Multi-Contacto C-Level,,,,,,,,,,,,,,,,WhatsApp Business e Instagram son los motores absolutos de ventas y comunicación de millones de negocios hispanos en EE. UU.
78,"Salesforce, Inc.",,Capa 4,,Validado Multi-Contacto C-Level,,,,,,,,,,,,,,,,Agentforce y Salesforce CRM están redefiniendo cómo las empresas hispanas automatizan su relación con clientes y escalan ventas.
79,Deloitte US,Consultoría y Servicios Profesionales / Big 4,Capa 2,Big 4 Professional Services,Validado Multi-Contacto C-Level,"New York, NY / Miami, FL",https://www.deloitte.com,Scott Mager,US Chief Marketing Officer & Principal,smager@deloitte.com,https://www.linkedin.com/in/scottmager,Kwasi Mitchell,Chief Purpose & Diversity Officer,kwmitchell@deloitte.com,https://www.linkedin.com/in/kwasi-mitchell-060424,Dan Helfrich,Chair & Chief Executive Officer Deloitte Consulting US,dhelfrich@deloitte.com,https://www.linkedin.com/in/dan-helfrich-381a17,"El talento y liderazgo hispano en consultoría estratégica: exclusividad Big 4 en EXMA Miami 2026 para posicionamiento de marca empleadora y servicios corporativos ante 2,500 directores.",Admiramos la iniciativa de Deloitte sobre inclusión multicultural y liderazgo de propósito como referente en la transformación organizacional de Norteamérica.
80,PwC US,Consultoría y Servicios Profesionales / Big 4,Capa 2,Big 4 Professional Services,Validado Multi-Contacto C-Level,"New York, NY / Miami, FL",https://www.pwc.com,Antonia Wade,Global Chief Marketing Officer,antonia.wade@pwc.com,https://uk.linkedin.com/in/antonia-wade-5859464,Shannon Schuyler,Chief Purpose & Inclusion Officer,shannon.schuyler@pwc.com,https://www.linkedin.com/in/shannonschuyler,Paul Griggs,US Senior Partner & Chief Executive,paul.griggs@pwc.com,https://www.linkedin.com/in/paul-griggs-pwc,Presencia institucional exclusiva para liderar la conversación de gobernanza de IA y talento diverso en Florida y Latinoamérica.,Seguimos de cerca el reporte de PwC sobre competitividad de talento hispano y su visión de confianza en la era de la inteligencia artificial.
81,Accenture,Consultoría y Tecnología Global,Capa 2,Management Consulting & Tech,Validado Multi-Contacto C-Level,"Miami, FL / New York, NY",https://www.accenture.com,Jennifer (Pineda) Bodnar,Managing Director & CMO Lead,jennifer.bodnar@accenture.com,https://www.linkedin.com/in/jenniferbodnar,Jill Kramer,Chief Marketing and Communications Officer,jill.kramer@accenture.com,https://www.linkedin.com/in/jill-kramer-b4526b1,Julie Sweet,Chair and Chief Executive Officer,julie.sweet@accenture.com,https://www.linkedin.com/in/juliesweet,"Liderazgo en reinvención de negocio mediante IA y capital humano: keynote y networking con 2,500 tomadores de decisión en Miami.",Destacamos la campaña global de reinvención total de Accenture y su fuerte impulso al liderazgo tecnológico de comunidades hispanas en el sur de la Florida.
82,Ernst & Young (EY),Consultoría y Auditoría Global / Big 4,Capa 2,Big 4 Professional Services,Validado Multi-Contacto C-Level,"New York, NY / Miami, FL",https://www.ey.com,Jim Klessel,Partner & Commercial Growth Leader,jim.klessel@ey.com,https://www.linkedin.com/in/jim-klessel-45027543,Leslie Patterson,Americas Diversity & Inclusiveness Officer,leslie.patterson@ey.com,https://www.linkedin.com/in/leslie-patterson-ey,Janet Truncale,Global Chair and CEO,janet.truncale@ey.com,https://www.linkedin.com/in/janet-truncale,Patrocinio de categoría Big 4 para el Entrepreneur of the Year regional e impulso al ecosistema scale-up latino en EXMA Miami 2026.,Reconocemos la trayectoria de EY impulsando el EY Entrepreneur of the Year y su compromiso constante con fundadores de alto impacto en Estados Unidos.
83,New York Life Insurance Company,Servicios Financieros y Aseguradores,Capa 2,Seguros y Protección Financiera,Validado Multi-Contacto C-Level,"New York, NY / Florida Agencies",https://www.newyorklife.com,Amy Hu,Chief Marketing Officer,amy_hu@newyorklife.com,https://www.linkedin.com/in/amyhu2,Laura Languidey,Latino Market Marketing & Recruiting Manager,laura_languidey@newyorklife.com,https://www.linkedin.com/in/lauralanguidey,Craig DeSanto,"Chair, President and CEO",craig_desanto@newyorklife.com,https://www.linkedin.com/in/craig-desanto,La mayor aseguradora mutua de EE.UU. consolidando su relación con el patrimonio familiar de empresarios latinos.,Admiramos la solidez centenaria de New York Life y su programa enfocado en el crecimiento patrimonial y protección financiera de familias hispanas.
84,Fidelity Investments,Inversiones y Gestión de Patrimonio,Capa 2,Wealth Management & Retail Investing,Validado Multi-Contacto C-Level,"Boston, MA / Florida Regional Centers",https://www.fidelity.com,Lou Aversano,Head of Marketing & Social Platforms,lou.aversano@fidelity.com,https://www.linkedin.com/in/louaversano,Tracy Lemoine,SVP & Chief Marketing Officer Solutions,tracy.lemoine@fidelity.com,https://www.linkedin.com/in/tracy-lemoine-747a077,Abigail Johnson,Chairman and CEO,abigail.johnson@fidelity.com,https://www.linkedin.com/in/abigail-johnson-fidelity,Posicionar a Fidelity como el broker e institución de inversión preferida para la nueva ola de profesionales y dueños de negocio latinos.,Felicitamos a Fidelity por su liderazgo en democratización de inversión y sus recursos educativos dirigidos a la comunidad hispana en Estados Unidos.
85,Charles Schwab,Inversiones y Banca de Clientes,Capa 2,Brokerage & Banking,Validado Multi-Contacto C-Level,"Westlake, TX / Miami Branches",https://www.schwab.com,Lisa Ross,"Managing Director, Client Engagement Marketing",lisa.ross@schwab.com,https://www.linkedin.com/in/lisaross-marketing,Jonathan Craig,Managing Director & Head of Investor Services / CMO,jonathan.craig@schwab.com,https://www.linkedin.com/in/jonathan-craig-schwab,Walt Bettinger,Co-Chairman and CEO,walt.bettinger@schwab.com,https://www.linkedin.com/in/walt-bettinger,Conexión exclusiva con ejecutivos C-Level e inversionistas que asisten a EXMA para planificar patrimonio corporativo y personal.,Seguimos con gran interés la consolidación de Schwab como el pilar de asesoría fiduciaria y planeación financiera para ejecutivos de alto patrimonio.
86,Florida Power & Light (FPL / NextEra Energy),Energía e Infraestructura Regional,Capa 2,Energy & Utilities Florida,Validado Multi-Contacto C-Level,"Juno Beach, FL / Miami Operations",https://www.fpl.com,Kimberly Blair,Senior Director External Affairs & Community Relations,kimberly.blair@fpl.com,https://www.linkedin.com/in/kimberly-blair-2861416,Armando Pimentel,President & Chief Executive Officer,armando.pimentel@fpl.com,https://www.linkedin.com/in/armando-pimentel-fpl,John Ketchum,"Chairman, President and CEO NextEra Energy",john.ketchum@nexteraenergy.com,https://www.linkedin.com/in/john-ketchum-nextera,"El motor energético de Florida demostrando sostenibilidad, innovación de red y respaldo comunitario ante 2,500 líderes en Downtown Miami.",Reconocemos la resiliencia y avance en energía limpia que FPL y NextEra despliegan continuamente en la infraestructura estratégica del estado de Florida.
87,Carnival Cruise Line,"Turismo, Entretenimiento y Cruceros",Capa 1,Hospitality & Cruise Lines Miami,Validado Multi-Contacto C-Level,"Doral / Miami, FL",https://www.carnival.com,Christine Duffy,President Carnival Cruise Line,cduffy@carnival.com,https://www.linkedin.com/in/christine-duffy-carnival,Arlene Brown,Sr. Director Guest Operations & Marketing Contact,abrown@carnival.com,https://www.linkedin.com/in/arlene-brown-84509b26,Josh Weinstein,CEO & Chief Climate Officer Carnival Corporation,jweinstein@carnival.com,https://www.linkedin.com/in/josh-weinstein-carnival,La marca insignia de cruceros con sede en Miami como anfitrión oficial de experiencias de viaje corporativo e incentivos para directores latinos.,Celebramos el liderazgo global de Carnival desde su sede en Miami y su continua innovación en experiencias de entretenimiento náutico familiar.
88,Royal Caribbean Group,"Turismo, Entretenimiento y Cruceros",Capa 1,Hospitality & Cruise Lines Miami,Validado Multi-Contacto C-Level,"Miami, FL (Port of Miami HQ)",https://www.royalcaribbeangroup.com,Kara Wallace,Chief Marketing Officer,kwallace@rccl.com,https://www.linkedin.com/in/kara-wallace-7359552,Jason Liberty,President & Chief Executive Officer,jliberty@rccl.com,https://www.linkedin.com/in/jason-liberty-rccl,Michael Bayley,President and CEO Royal Caribbean International,mbayley@rccl.com,https://www.linkedin.com/in/michael-bayley-rccl,Patrocinador oficial de hospitalidad y destino náutico en Downtown Miami: activación vivencial de marca ante líderes empresariales.,Impactante el lanzamiento del Icon of the Seas y la vanguardia arquitectónica con la que Royal Caribbean revoluciona el turismo global desde Miami.
89,American Airlines,Aviación y Transporte Aéreo,Capa 1,Airlines & Connectivity,Validado Multi-Contacto C-Level,"Fort Worth, TX / Miami Hub (MIA)",https://www.aa.com,Ron DeFeo,Chief Communications & Marketing Officer,ron.defeo@aa.com,https://www.linkedin.com/in/rondefeo,Juan Carlos Liscano,Vice President Miami Hub Operations,juancarlos.liscano@aa.com,https://www.linkedin.com/in/juan-carlos-liscano-aa,Robert Isom,Chief Executive Officer,robert.isom@aa.com,https://www.linkedin.com/in/robert-isom-aa,"Aerolínea oficial de EXMA Miami 2026: conectando a los 2,500 asistentes y speakers internacionales a través del hub MIA hacia toda América Latina.",Valoramos enormemente el rol neurálgico de American Airlines y su hub en MIA como el gran puente de conectividad entre Estados Unidos y Latinoamérica.
90,Delta Air Lines,Aviación y Transporte Aéreo,Capa 1,Airlines & Connectivity,Validado Multi-Contacto C-Level,"Atlanta, GA / Miami Operations",https://www.delta.com,Alicia Tillman,Chief Marketing Officer,alicia.tillman@delta.com,https://www.linkedin.com/in/aliciatillman,Rodrigo Bértola,Director of Sales Hispanic & Latin America,rodrigo.bertola@delta.com,https://www.linkedin.com/in/rodrigo-bertola-delta,Ed Bastian,Chief Executive Officer,ed.bastian@delta.com,https://www.linkedin.com/in/ed-bastian-delta,Posicionar la experiencia premium de Delta y su alianza conjunta con LATAM Airlines para ejecutivos corporativos en el evento de negocios hispano del año.,Felicitaciones por la excelencia operativa y el galardón continuo a la puntualidad y experiencia al cliente de Delta en rutas norteamericanas e internacionales.
91,Walmart Inc,Retail y Comercio Omnicanal,Capa 1,Retail & Supercenters Global,Validado Multi-Contacto C-Level,"Bentonville, AR / South Florida Stores",https://www.walmart.com,William White,Chief Marketing Officer,william.white@walmart.com,https://www.linkedin.com/in/williamallenwhite,Donna Morris,Executive VP & Chief People Officer,donna.morris@walmart.com,https://www.linkedin.com/in/donnamorris,Doug McMillon,President & Chief Executive Officer,doug.mcmillon@walmart.com,https://www.linkedin.com/in/doug-mcmillon,El mayor retailer del mundo conectando con el poder de compra y proveedores hispanos en la cumbre de negocios más relevante del año.,Seguimos con profunda admiración la evolución omnicanal y el respaldo incondicional que Walmart brinda al consumidor y emprendedor latino.
92,Badia Spices,Alimentos y Sazonadores Hispanos,Capa 1,Hispanic CPG & Spices Miami,Validado Multi-Contacto C-Level,"Doral / Miami, FL",https://www.badiaspices.com,Martina Sachs Campos,Marketing Director,martina.campos@badiaspices.com,https://www.linkedin.com/in/martinascampos,Joseph Pepe Badia,President & Chief Executive Officer,pbadia@badiaspices.com,https://www.linkedin.com/in/pepe-badia,Lori Conduris,Marketing Manager & Public Relations,lori.conduris@badiaspices.com,https://www.linkedin.com/in/lori-conduris-12210831,"La marca hispana por excelencia de Miami como anfitrión de honor en EXMA Miami 2026: gastronomía, orgullo cultural e impacto de marca.","Es un verdadero honor ver cómo Badia Spices, desde Miami, se ha consolidado en el corazón y los hogares de toda la comunidad hispana en Estados Unidos."
93,Best Buy Co,Retail de Electrónica y Tecnología,Capa 2,Consumer Tech & Electronics Retail,Validado Multi-Contacto C-Level,"Richfield, MN / Miami Locations",https://www.bestbuy.com,Jennie Weber,Chief Marketing Officer,jennie.weber@bestbuy.com,https://www.linkedin.com/in/jennie-weber,Marty Senn,SVP & Chief Marketing Officer Brand,marty.senn@bestbuy.com,https://www.linkedin.com/in/marty-senn-7993a87,Corie Barry,Chief Executive Officer,corie.barry@bestbuy.com,https://www.linkedin.com/in/corie-barry,Patrocinador tecnológico exclusivo para equipar el espacio de innovación de EXMA Miami 2026 y captar ejecutivos de alto consumo digital.,Destacamos la estrategia de Best Buy integrando asesoría experta y tecnología para potenciar la productividad de hogares y empresas.
94,Procter & Gamble (P&G),Bienes de Consumo Masivo (CPG),Capa 1,FMCG Global Leader,Validado Multi-Contacto C-Level,"Cincinnati, OH / Miami Operations",https://www.pg.com,Marc Pritchard,Chief Brand Officer,pritchard.m@pg.com,https://www.linkedin.com/in/marc-pritchard-pg,Kainaz Gazder,Senior VP & Chief Marketing Officer,gazder.k@pg.com,https://sg.linkedin.com/in/kainaz-gazder-88103a3,Jon R. Moeller,"Chairman, President and CEO",moeller.jr@pg.com,https://www.linkedin.com/in/jon-moeller-pg,"El mayor referente de marketing de la historia: Fernando Anzures y Marc Pritchard compartiendo el escenario sobre el futuro del branding humano ante 2,500 líderes.",Inspirador el liderazgo de Marc Pritchard impulsando la efectividad creativa y la inclusión con impacto medible en las marcas de P&G.
95,Colgate-Palmolive,Cuidado Personal y Consumo Masivo,Capa 2,Personal Care & Oral Health,Validado Multi-Contacto C-Level,"New York, NY / Miami LatAm HQ",https://www.colgatepalmolive.com,Carolina Incognito,VP Marketing Latin America & Multicultural,carolina_incognito@colpal.com,https://gt.linkedin.com/in/carolina-incognito-75805334,Ari Mandelbaum,VP Marketing & Commercial Innovation,ari_mandelbaum@colpal.com,https://mx.linkedin.com/in/mandel1979,Noel Wallace,"Chairman, President and CEO",noel_wallace@colpal.com,https://www.linkedin.com/in/noel-wallace-colgate,"Presencia indiscutible en el 98% de los hogares hispanos: activación de salud, bienestar y sonrisas brillantes en EXMA Miami.",Felicitaciones por la campaña continua de Colgate educando y promoviendo la salud y el bienestar en las comunidades más vulnerables de América.
96,Mondelēz International,Alimentos y Snacks Globales,Capa 2,Snacking & Confectionery,Validado Multi-Contacto C-Level,"Chicago, IL / Coral Gables, FL (LatAm HQ)",https://www.mondelezinternational.com,Mie-Leng Wong,SVP Global Brands & Chief Marketing Officer,mie-leng.wong@mdlz.com,https://ch.linkedin.com/in/mie-leng-wong,Jonathan Halvorson,SVP Global Consumer Experience & Digital Commerce,jonathan.halvorson@mdlz.com,https://www.linkedin.com/in/jonathanhalvorson,Dirk Van de Put,Chairman and Chief Executive Officer,dirk.vandeput@mdlz.com,https://www.linkedin.com/in/dirk-vandeput,"Oreo, Ritz y marcas queridas conectando con directivos en una experiencia de snacking consciente en el centro de convenciones de Downtown Miami.",Destacamos la visión de Mindful Snacking de Mondelēz y su continua capacidad de reinventar marcas icónicas para nuevas generaciones.
97,The Kraft Heinz Company,Alimentos y Bebidas Globales,Capa 2,FMCG Food & Condiments,Validado Multi-Contacto C-Level,"Chicago, IL / Miami Hub",https://www.kraftheinzcompany.com,Diana Frost,Global Chief Growth Officer,diana.frost@kraftheinz.com,https://www.linkedin.com/in/diana-frost-growth,Carlos Abrams-Rivera,Chief Executive Officer,carlos.abrams-rivera@kraftheinz.com,https://www.linkedin.com/in/carlos-abrams-rivera,Todd Kaplan,Chief Growth & Marketing Officer North America,todd.kaplan@kraftheinz.com,https://www.linkedin.com/in/todd-kaplan,"Bajo el liderazgo de Carlos Abrams-Rivera, Kraft Heinz es el ejemplo cumbre de un CEO hispano transformando una leyenda multinacional.",Un orgullo ver el liderazgo de Carlos Abrams-Rivera al frente de Kraft Heinz transformando la agilidad creativa y comercial del portafolio.
98,The Hershey Company,Confitería y Chocolates,Capa 2,Confectionery & Treats,Validado Multi-Contacto C-Level,"Hershey, PA / Florida Commercial Hub",https://www.thehersheycompany.com,David Wrubleski,Manager Omnichannel Marketing Strategy,dwrubleski@hersheys.com,https://www.linkedin.com/in/david-wrubleski-83a01172,Michele Buck,"Chairman, President and Chief Executive Officer",mbuck@hersheys.com,https://www.linkedin.com/in/michele-buck-hershey,Rohit Grover,President International,rgrover@hersheys.com,https://www.linkedin.com/in/rohit-grover-hershey,Momentos de alegría y dulzura para los asistentes VIP y conferencistas internacionales en EXMA Miami 2026.,Felicitaciones por la innovación continua de The Hershey Company combinando tradición centenaria con nuevas experiencias de indulgencia.
99,General Mills,Alimentos y Cereales,Capa 2,Food & Breakfast CPG,Validado Multi-Contacto C-Level,"Minneapolis, MN / South Florida Hub",https://www.generalmills.com,Doug Martin,Chief Brand & Disruptive Growth Officer,doug.martin@genmills.com,https://www.linkedin.com/in/doug-martin-332a831,Jeffrey Harmening,Chairman and Chief Executive Officer,jeffrey.harmening@genmills.com,https://www.linkedin.com/in/jeffrey-harmening,Kofi Bruce,Chief Financial Officer,kofi.bruce@genmills.com,https://www.linkedin.com/in/kofi-bruce,Marcas familiares que nutren a millones de hogares latinos fortaleciendo su conexión institucional en el evento hispano más influyente.,Admiramos la estrategia de innovación disruptiva de General Mills y su compromiso con la nutrición y sustentabilidad alimentaria.
100,Kenvue (Johnson & Johnson Consumer),Salud y Cuidado del Consumidor,Capa 2,Consumer Health Global Leader,Validado Multi-Contacto C-Level,"Skillman, NJ / Florida Commercial Centers",https://www.kenvue.com,Charmaine England,Chief Growth Officer,cengland@kenvue.com,https://www.linkedin.com/in/charmaine-england,Joanie Beauchemin,Customer Development & Commercial Leader,jbeauche@kenvue.com,https://ca.linkedin.com/in/joanie-beauchemin,Thibaut Mongon,Chief Executive Officer,tmongon@kenvue.com,https://www.linkedin.com/in/thibaut-mongon,"Tylenol, Listerine, Neutrogena y Band-Aid posicionándose como el estándar de cuidado personal y salud diaria ante 2,500 familias y ejecutivos.",Gran reconocimiento al exitoso debut de Kenvue como la compañía de salud del consumidor más grande del mundo y su ciencia enfocada en el cuidado diario.
101,Intuit (QuickBooks / TurboTax / Mailchimp),Software Financiero y Contabilidad,Capa 2,Fintech & SMB Business Management,Validado Multi-Contacto C-Level,"Mountain View, CA / Florida Offices",https://www.intuit.com,Thomas Ranese,Chief Marketing Officer,thomas_ranese@intuit.com,https://www.linkedin.com/in/thomasranese,Sasan Goodarzi,Chief Executive Officer,sasan_goodarzi@intuit.com,https://www.linkedin.com/in/sasan-goodarzi,Marianna Tessel,Executive VP Small Business & Self-Employed Group,marianna_tessel@intuit.com,https://www.linkedin.com/in/mariannatessel,El motor de software que gestiona los números del 60% de los pequeños negocios y agencias latinas en EE.UU.: alianza clave en EXMA Miami 2026.,Agradecemos profundamente el papel de QuickBooks e Intuit democratizando herramientas contables e impositivas para miles de emprendedores hispanos.
102,Workday,Software Empresarial y Gestión de RRHH,Capa 2,Enterprise Cloud & HR Solutions,Validado Multi-Contacto C-Level,"Pleasanton, CA / Miami Regional Hub",https://www.workday.com,Emma Chalwin,Chief Marketing Officer,emma.chalwin@workday.com,https://www.linkedin.com/in/emmachalwin,Karen Park Jones,VP Marketing Global Ecosystem,karen.jones@workday.com,https://www.linkedin.com/in/karenparkjones,Carl Eschenbach,Chief Executive Officer,carl.eschenbach@workday.com,https://www.linkedin.com/in/carl-eschenbach,"Gestión de talento, cultura y finanzas para la nueva era: Workday como patrocinador de liderazgo ejecutivo y transformación organizacional.",Seguimos de cerca el rol de Workday impulsando la innovación en la gestión de capital humano y ERP en la nube para empresas globales.
103,Bacardi Limited,Bebidas Espirituosas y Licores Premium,Capa 1,Spirits & Hospitality Coral Gables HQ,Validado Multi-Contacto C-Level,"Coral Gables, FL (Global/Americas HQ)",https://www.bacardilimited.com,Ned Duggan,Global Chief Marketing Officer & President Bacardi Global Brands,nduggan@bacardi.com,https://www.linkedin.com/in/ned-duggan-99aa893,Mahesh Madhavan,Chief Executive Officer,mmadhavan@bacardi.com,https://www.linkedin.com/in/mahesh-madhavan,John Gomez,Sr. VP Commercial & Marketing Operations,jgomez@bacardi.com,https://www.linkedin.com/in/john-gomez-85aa913,La marca global de hospitalidad con base en Coral Gables como anfitrión exclusivo del Coctel VIP de Bienvenida para speakers e inversionistas en EXMA Miami 2026.,"Admiramos profundamente el legado empresarial y la pasion con la que Bacardi, desde Coral Gables, representa el espiritu festivo y sofisticado de la cultura hispana en el mundo."
104,The J.M. Smucker Co. (Cafe Bustelo),Cafe y Alimentos Hispanos,Capa 1,Hispanic Coffee Iconic Brand,Validado Multi-Contacto C-Level,"Orrville, OH / Miami Operations",https://www.cafebustelo.com,Gail Hollander,Chief Marketing Officer,gail.hollander@jmsmucker.com,https://www.linkedin.com/in/gail-hollander-43b8397,Katie Williams,Chief Marketing Officer Coffee Division,katie.williams@jmsmucker.com,https://www.linkedin.com/in/katie-williams1913,Mark Smucker,"Chair of the Board, President and CEO",mark.smucker@jmsmucker.com,https://www.linkedin.com/in/mark-smucker,"El cafe oficial y la inyeccion de energia de EXMA Miami 2026: barra de espresso Bustelo en la zona de networking para 2,500 ejecutivos.",El sabor inconfundible y la identidad audaz de Cafe Bustelo es el latido matutino que une a todos los profesionales hispanos de Estados Unidos.
105,F. Gavina & Sons (Cafe La Llave / Don Franciscos),Cafe Gourmet y Tradicion Hispana,Capa 1,Hispanic Coffee Roaster Leader,Validado Multi-Contacto C-Level,"Vernon, CA / Florida Distribution",https://www.cafelallave.com,Leonor Gavina-Valls,VP of Marketing,leonor.gavina@gavina.com,https://www.linkedin.com/in/leonor-gavi%C3%B1a-valls-13073525,Michael Gavina,VP Purchasing & Green Coffee Operations,michael.gavina@gavina.com,https://www.linkedin.com/in/michael-gavina-347b582,Pedro L. Gavina,President & Owner,pedro.gavina@gavina.com,https://www.linkedin.com/in/pedro-gavina,El cafe de tradicion familiar cubana: homenaje a la herencia inmigrante exitosa y patrocinio de hospitalidad en Downtown Miami.,Un tributo a la historia y excelencia con la que la familia Gavina ha mantenido el estandar mas alto de cafe con autentica pasion latina.
106,Nubank (Nu Holdings),Banca Digital y Neobanco Global,Capa 1,Digital Banking & Fintech Pioneer,Validado Multi-Contacto C-Level,Sao Paulo / Miami Office,https://nubank.com.br,Paulina Juaristi,Chief Marketing Officer,paulina.juaristi@nubank.com.br,https://mx.linkedin.com/in/paulina-juaristi,David Velez,"Founder, Chief Executive Officer & Chairman",david.velez@nubank.com.br,https://www.linkedin.com/in/david-velez-nu,Cristina Junqueira,Co-Founder & Chief Growth Officer,cristina.junqueira@nubank.com.br,https://www.linkedin.com/in/cristina-junqueira,La mayor revolucion de banca digital de la historia: David Velez / Paulina Juaristi como referentes de innovacion financiera y experiencia de usuario humana.,Inspirador el hito de Nubank superando los 100 millones de clientes con una propuesta centrada 100% en empoderar a las personas.
107,Remitly Global,Fintech y Remesas Internacionales,Capa 2,Cross-Border Digital Remittances,Validado Multi-Contacto C-Level,"Seattle, WA / Florida Regional Operations",https://www.remitly.com,Guillaume McIntyre,VP of Growth Marketing,guillaume.mcintyre@remitly.com,https://www.linkedin.com/in/guillaumemcintyre,Matt Oppenheimer,Co-Founder & Chief Executive Officer,matt@remitly.com,https://www.linkedin.com/in/mattoppenheimer,Rishi Sharma,Chief Legal & Corporate Affairs Officer,rishi.sharma@remitly.com,https://www.linkedin.com/in/rishi-sharma-remitly,La fintech que conecta el esfuerzo de los hispanos en EE.UU. con sus familias en Latinoamerica: patrocinador de impacto social en EXMA.,Admiramos la transparencia y rapidez con la que Remitly dignifica el envio de remesas hacia cada rincon de America Latina.
108,Western Union,Servicios de Envio de Dinero y Pagos Globales,Capa 2,Global Money Transfer & Payments,Validado Multi-Contacto C-Level,"Denver, CO / Miami Regional Offices",https://www.westernunion.com,Devin McGranahan,President & Chief Executive Officer,devin.mcgranahan@westernunion.com,https://www.linkedin.com/in/devin-mcgranahan,Tyler Hand,Chief Compliance & Ethics Officer,tyler.hand@westernunion.com,https://www.linkedin.com/in/tyler-hand-wu,Bob Rupczynski,Senior Advisor Global Digital Marketing,bob.rupczynski@westernunion.com,https://www.linkedin.com/in/bobrup,Consolidar la transicion digital de la marca mas emblematica de pagos internacionales ante lideres comunitarios y corporativos.,Seguimos de cerca la evolucion del ecosistema de billeteras digitales de Western Union para servir a comunidades en movimiento.
109,Verizon Communications,Telecomunicaciones y Redes 5G,Capa 1,Telecommunications & 5G Infrastructure,Validado Multi-Contacto C-Level,"New York, NY / Florida Regional Operations",https://www.verizon.com,Leslie Berland,Executive VP & Chief Marketing Officer,leslie.berland@verizon.com,https://www.linkedin.com/in/leslie-berland-1741781,Tom Zimmerman,SVP & Chief Marketing Officer Verizon Business,tom.zimmerman@verizon.com,https://www.linkedin.com/in/tomzimmerman1,Hans Vestberg,Chairman and Chief Executive Officer,hans.vestberg@verizon.com,https://www.linkedin.com/in/hans-vestberg,Patrocinador exclusivo de conectividad 5G en el Downtown Event Center: impulsando los negocios de la comunidad hispana con tecnologia de red de clase mundial.,Felicitaciones a Leslie Berland por su enfoque humano y dinamico reposicionando a Verizon como la red de confianza de los creadores y lideres de negocios.
110,AT&T Inc,Telecomunicaciones y Conectividad Fibra,Capa 1,Telecommunications & Fiber Broadband,Validado Multi-Contacto C-Level,"Dallas, TX / South Florida Network Hub",https://www.att.com,Kellyn Smith Kenny,Chief Marketing & Growth Officer,kellyn.kenny@att.com,https://www.linkedin.com/in/kellyn,John Starkweather,AVP Advertising & Digital Marketing,john.starkweather@att.com,https://www.linkedin.com/in/johnstarkweather,John Stankey,Chief Executive Officer,john.stankey@att.com,https://www.linkedin.com/in/john-stankey-att,El aliado estrategico en fibra y banda ancha para cerrar la brecha digital en comunidades hispanas: presencia institucional en EXMA Miami 2026.,Destacamos el compromiso de AT&T con el programa Connected Learning cerrando la brecha digital de estudiantes y emprendedores latinos.
111,Nissan North America,Automotriz y Movilidad,Capa 1,Automotive & Electric Vehicles,Validado Multi-Contacto C-Level,"Franklin, TN / Miami Commercial Regional",https://www.nissanusa.com,Marisstella Marinkovic,Chief Marketing Officer US,marisstella.marinkovic@nissan-usa.com,https://www.linkedin.com/in/mmarinkovic,Allyson Witherspoon,Corporate VP Global Marketing,allyson.witherspoon@nissan-usa.com,https://www.linkedin.com/in/allysonwitherspoon,Jeremie Papin,Senior VP & Chairperson Nissan Americas,jeremie.papin@nissan-usa.com,https://www.linkedin.com/in/jeremie-papin-nissan,Vehiculo oficial de EXMA Miami 2026: transportacion de speakers y exhibicion de innovacion electrica en la entrada del Downtown Event Center.,Gran trabajo de Marisstella Marinkovic al frente del marketing de Nissan fortaleciendo la pasion automotriz y la lealtad de la comunidad hispana.
112,Diageo North America,Bebidas Premium y Destilados,Capa 1,Premium Spirits & Cocktails,Validado Multi-Contacto C-Level,"New York, NY / Coral Gables Commercial",https://www.diageo.com,Sally Grimes,Chief Executive Officer North America,sally.grimes@diageo.com,https://www.linkedin.com/in/sally-grimes,Cristina Diezhandino,Global Chief Marketing Officer,cristina.diezhandino@diageo.com,https://www.linkedin.com/in/cristina-diezhandino,Luis Perret Gentil,Procurement Director North America,luis.perret@diageo.com,https://www.linkedin.com/in/luisperretgentil/es,"Don Julio, Buchanans y Johnnie Walker en el brindis oficial de negocios de EXMA Miami: sofisticacion y celebracion del exito latino.",Felicitaciones por la celebracion y autenticidad con la que marcas como Tequila Don Julio representan el orgullo de nuestra cultura.
113,Burger King (Restaurant Brands International),Restaurantes QSR y Hamburguesas,Capa 3,Fast Food Global HQ Miami,Validado Multi-Contacto C-Level,"Miami, FL (Global HQ)",https://www.bk.com,Tom Curtis,President Burger King US & Canada,tcurtis@rbi.com,https://www.linkedin.com/in/tom-curtis-43646018,Guillermo Memo Hermosillo Cue,Chief Marketing Officer Burger King / Popeyes LAC,ghermosillo@rbi.com,https://www.linkedin.com/in/memohermosillo,Josh Kobza,Chief Executive Officer RBI,jkobza@rbi.com,https://www.linkedin.com/in/josh-kobza-rbi,"El gigante del QSR con sede global en Miami: Tom Curtis y Guillermo Hermosillo liderando la conversacion de franquicias y crecimiento de marca ante 2,500 empresarios.",Celebramos el enorme exito de la campana Reclaim the Flame de Burger King y su continuo arraigo corporativo desde su sede en Miami.
114,The Wendy's Company,Restaurantes QSR,Capa 3,Fast Food Burger Chain,Validado Multi-Contacto C-Level,"Dublin, OH / Florida Operations",https://www.wendys.com,Lindsay Radkoski,Chief Marketing Officer U.S.,lindsay.radkoski@wendys.com,https://www.linkedin.com/in/lindsay-radkoski,Kirk Tanner,President & Chief Executive Officer,kirk.tanner@wendys.com,https://www.linkedin.com/in/kirk-tanner-wendys,Liz Geraghty,Chief Marketing Officer International,liz.geraghty@wendys.com,https://www.linkedin.com/in/liz-geraghty-4173a75,"Frescura, tono audaz y conexion con la juventud: posicionamiento exclusivo de categoria en EXMA Miami 2026.",Admiramos la genialidad en redes y la consistencia de Wendy's construyendo una voz de marca fresca y autentica que lidera la conversacion de la industria.
115,Banesco USA,Banca y Servicios Financieros Regionales,Capa 1,Commercial Banking Coral Gables HQ,Validado Multi-Contacto C-Level,"Coral Gables / Miami, FL",https://www.banescousa.com,Calixto Cali Garcia-Velez,President & Chief Executive Officer,cgarcia-velez@banescousa.com,https://www.linkedin.com/in/caligarciavelez,Carlos Lamourtte,SVP & Head of Commercial & Industrial Banking,clamourtte@banescousa.com,https://www.linkedin.com/in/carlos-lamourtte-a1624b33,Juan Carlos Escotet,Founder and Chairman of the Board,jcescotet@banesco.com,https://www.linkedin.com/in/juan-carlos-escotet,El banco preferido por empresarios y familias de origen latino en Florida: patrocinador bancario institucional en el corazon financiero del sur de la Florida.,Reconocemos el formidable liderazgo de Cali Garcia-Velez consolidando a Banesco USA como el puente fiduciario indispensable para negocios hispanos.
116,Spanish Broadcasting System (SBS),"Medios, Radio y Entretenimiento Hispano",Capa 1,Hispanic Radio & TV Network Miami HQ,Validado Multi-Contacto C-Level,"Miami, FL (Mega 97.9 / Z92)",https://www.spanishbroadcasting.com,Richard D. Lara,Chief Operating Officer & General Counsel,rlara@sbshq.com,https://www.linkedin.com/in/richard-d-lara-98791113,Raul Alarcon Jr.,Chairman & Chief Executive Officer,ralarcon@sbshq.com,https://www.linkedin.com/in/raul-alarcon-sbs,Albert Rodriguez,Senior Media Advisor & Former COO,arodriguez@sbshq.com,https://www.linkedin.com/in/albert-rodriguez-sbs,Media Partner Oficial de Radio Hispana en Miami: cobertura cruzada de EXMA Miami 2026 en Mega 97.9 y difusion a millones de oyentes.,Un tributo a la vision de Raul Alarcon y el equipo de SBS manteniendo a la radio hispana en la cuspide del rating y la musica latina en Estados Unidos.
117,Pollo Tropical (Fiesta Restaurant Group),Restaurantes y Comida Caribeña,Capa 1,Fast Casual Caribbean Miami HQ,Validado Multi-Contacto C-Level,"Miami, FL (HQ)",https://www.pollotropical.com,Enrique Perez-Pantera,Senior Communications & Marketing Director,eperez@pollotropical.com,https://www.linkedin.com/in/enriquepantera,Dirk Montgomery,President & Chief Executive Officer,dmontgomery@pollotropical.com,https://www.linkedin.com/in/dirk-montgomery,Sean Gerrard,Director of Operational Excellence,sgerrard@pollotropical.com,https://www.linkedin.com/in/sean-gerrard-07033b80,"El icono de la comida caribena en Miami: sabor local, catering de produccion o activacion de marca vivencial en EXMA Miami 2026.",Pollo Tropical es una institucion culinaria indiscutible del sur de la Florida que une a diario a toda nuestra comunidad.
118,Constellation Brands (Modelo / Corona USA),Cervezas y Bebidas Espirituosas,Capa 3,Beer Division Leader (Modelo Especial),Validado Multi-Contacto C-Level,"Victor, NY / Chicago Beer Hub",https://www.cbrands.com,Jim Sabia,Executive VP & President Beer Division,jim.sabia@cbrands.com,https://www.linkedin.com/in/jim-sabia-2a5100132,John Linn,Director Brand Marketing Corona Innovation,john.linn@cbrands.com,https://www.linkedin.com/in/john-linn-685481161,Bill Newlands,President & Chief Executive Officer,bill.newlands@cbrands.com,https://www.linkedin.com/in/bill-newlands-cbrands,Modelo Especial como la cerveza #1 en ventas de todo Estados Unidos: celebrando la marca del luchador en el mayor evento de negocios hispano.,Historico y ejemplar el logro de Modelo convirtiendose en la cerveza mas vendida de Estados Unidos gracias al espiritu inquebrantable de la comunidad hispana.
119,Coca-Cola Beverages Florida (Coke Florida),Bebidas y Embotellado Oficial,Capa 3,Coca-Cola Bottler Florida,Validado Multi-Contacto C-Level,"Tampa & Miami, FL",https://www.cocacolaflorida.com,Troy Taylor,Chairman & Chief Executive Officer,ttaylor@cocacolaflorida.com,https://www.linkedin.com/in/troy-taylor-coke,Reagan Calhoun,"Vice President, Chief of Staff to Chairman & CEO",rcalhoun@cocacolaflorida.com,https://www.linkedin.com/in/reagan-calhoun-197bb4109,Jeff Conry,President & Chief Operating Officer,jconry@cocacolaflorida.com,https://www.linkedin.com/in/jeff-conry,"La embotelladora lider del estado hidratando a los 2,500 lideres de EXMA Miami: activacion de felicidad e hidratacion premium.",Gran respeto por el liderazgo de Troy Taylor transformando a Coke Florida en uno de los embotelladores de mayor crecimiento e impacto en Norteamerica.
120,"Lowe's Companies, Inc.",Retail de Construcción y Mejoras del Hogar,Capa 3,Home Improvement Retail Global,Validado Multi-Contacto C-Level,"Mooresville, NC / Florida Stores",https://www.lowes.com,Jennifer Wilson,EVP & Chief Marketing Officer,jennifer.wilson@lowes.com,https://www.linkedin.com/in/jennifer-wilson-2641a65,Marvin Ellison,Chairman and Chief Executive Officer,marvin.ellison@lowes.com,https://www.linkedin.com/in/marvin-ellison-lowes,Elyse Blouin,VP & GM Lowe's Media Network,elyse.blouin@lowes.com,https://www.linkedin.com/in/elyseblouin,El respaldo de los profesionales y contratistas latinos: presencia institucional de categoria para conectar con el sector productivo de Florida.,Destacamos la vision de Jennifer Wilson y Marvin Ellison fortaleciendo los lazos de Lowe's con contratistas independientes y comunidades hispanas.
121,Ford Motor Company,Automotriz y Camionetas F-150,Capa 3,Automotive & Commercial Trucks,Validado Multi-Contacto C-Level,"Dearborn, MI / Florida Regional Sales",https://www.ford.com,Lisa Materazzo,Global Chief Marketing Officer,lmateraz@ford.com,https://www.linkedin.com/in/lmaterazzo,Jim Farley,President & Chief Executive Officer,jfarley@ford.com,https://www.linkedin.com/in/jim-farley-ford,Natalie Baccarin,VP Marketing Operations,nbaccari@ford.com,https://www.linkedin.com/in/natalie-baccarin-0370b295,La legendaria Serie F de Ford como la camioneta preferida de los empresarios que construyen Estados Unidos: vehiculo de trabajo oficial en EXMA.,La solidez y tradicion de la F-150 de Ford es el simbolo vivo de la dedicacion y el esfuerzo de los constructores y emprendedores de Norteamerica.
122,Florida Blue (GuideWell),Seguros de Salud y Bienestar Regional,Capa 3,Health Insurance Florida Leader,Validado Multi-Contacto C-Level,"Jacksonville, FL / Miami Regional Centers",https://www.floridablue.com,Pat Geraghty,President and CEO GuideWell & Florida Blue,pat.geraghty@floridablue.com,https://www.linkedin.com/in/patrick-geraghty,Brian D. Pieninck,Board Chair & Executive Leader,brian.pieninck@guidewell.com,https://www.linkedin.com/in/briandavidpieninck,Sarah Iselin,Executive VP & Chief Commercial Officer,sarah.iselin@floridablue.com,https://www.linkedin.com/in/sarah-iselin,La aseguradora de salud lider del estado de Florida: patrocinador de bienestar y salud corporativa para ejecutivos en EXMA Miami 2026.,Invaluable la labor comunitaria de Pat Geraghty y Florida Blue asegurando el acceso equitativo a la salud de las familias del sur de la Florida.
123,Heineken USA (Tecate / Dos Equis),Cervezas Importadas y Mexicanas,Capa 3,Imported Beer & Mexican Heritage,Validado Multi-Contacto C-Level,"White Plains, NY / South Florida Markets",https://www.heinekenusa.com,Brian Thompson,Chief Marketing Officer,brian.thompson@heinekenusa.com,https://www.linkedin.com/in/brian-thompson-8ab942196,Maggie Timoney,Chief Executive Officer,maggie.timoney@heinekenusa.com,https://www.linkedin.com/in/maggie-timoney-heineken,Pedro Alves Antunes,VP Marketing Americas Region,pedro.alves@heineken.com,https://www.linkedin.com/in/pedroalvesantunes,Tecate y Dos Equis en el Lounge de Networking: celebrando la audacia y el coraje de triunfar en el mercado norteamericano.,Felicitaciones a Brian Thompson por la frescura con la que Heineken USA celebra el caracter y dinamismo del consumidor bicultural en Estados Unidos.
124,Cacique Foods,"Lácteos, Quesos y Cremas Hispanas",Capa 1,Hispanic Dairy & Authentic Cheeses,Validado Multi-Contacto C-Level,"Amarillo, TX / California & Florida Hubs",https://www.caciquefoods.com,Pedro Silveira,Chief Marketing Officer & Commercial Growth Leader,psilveira@caciquefoods.com,https://www.linkedin.com/in/pedro-silveira-8811b5,Gil de Cardenas,Chief Executive Officer,gcardenas@caciquefoods.com,https://www.linkedin.com/in/gil-de-cardenas,Tom Sawyer,Director of Sales & Retail Strategy,tsawyer@caciquefoods.com,https://www.linkedin.com/in/tom-sawyer-59b85b82,"El queso fresco numero 1 de las familias latinas en EE.UU.: una historia de exito familiar autentica compartida ante 2,500 lideres en EXMA.",Un verdadero referente de tradicion y calidad como Cacique Foods ha llevado el autentico sabor de casa a los refrigeradores de todo un pais.
125,Ruiz Foods (El Monterey / Tornados),Alimentos Congelados Mexicanos,Capa 1,Frozen Mexican Food #1 Brand,Validado Multi-Contacto C-Level,"Frisco, TX / Dinuba, CA",https://www.ruizfoods.com,Kimberli Carroll,President & Chief Executive Officer,kcarroll@ruizfoods.com,https://www.linkedin.com/in/kimberli-carroll,Kathleen Da Cunha,Senior VP Corporate Strategy and R&D,kdacunha@ruizfoods.com,https://www.linkedin.com/in/kathleen-da-cunha-57597614,Hunter McMillan,Commercial Leader in Foodservice,hmcmillan@ruizfoods.com,https://www.linkedin.com/in/mcmillanhunter,De un pequeno negocio fundado por Fred Ruiz a la marca de comida mexicana congelada #1 en EE.UU.: inspiracion pura para la cumbre Xtraordinary Humans.,Inspiradora la historia de superacion de la familia Ruiz transformando una receta familiar en el lider indiscutible de alimentos congelados de la nacion.
126,Grupo Bimbo (Bimbo Bakeries USA),Panificación y Alimentos Globales,Capa 2,Bakery Global Leader USA,Validado Multi-Contacto C-Level,"Horsham, PA / Mexico City HQ",https://bimbobakeriesusa.com,Leslie Vesper,Senior Vice President of Marketing,leslie.vesper@grupobimbo.com,https://www.linkedin.com/in/leslie-vesper-68736811,Greg Koehrsen,President Bimbo Bakeries USA,greg.koehrsen@grupobimbo.com,https://www.linkedin.com/in/greg-koehrsen,Daniel Servitje,Executive Chairman Grupo Bimbo,daniel.servitje@grupobimbo.com,https://www.linkedin.com/in/daniel-servitje-bimbo,La mayor empresa panificadora del planeta nacida en America Latina: Daniel Servitje y su liderazgo como referente maximo de multinacionales hispanas.,Un homenaje al colosal exito de Grupo Bimbo conquistando el mercado norteamericano y manteniendo el proposito de alimentar un mundo mejor.
127,Gruma (Mission Foods USA),"Tortillas, Harinas y Alimentos",Capa 2,Tortilla & Corn Flour Leader USA,Validado Multi-Contacto C-Level,"Irving, TX / Monterrey HQ",https://www.missionfoods.com,Sathish Mohanraju,VP of Marketing & Customer Development,smohanraju@missionfoods.com,https://www.linkedin.com/in/sathish-mohanraju-34b7307,Juan Gonzalez Moreno,Chairman & Chief Executive Officer Gruma,jgonzalez@gruma.com,https://www.linkedin.com/in/juan-gonzalez-gruma,Gerardo Saldivar,Plant & Manufacturing Operations Executive,gsaldivar@missionfoods.com,https://www.linkedin.com/in/gerardo-saldivar-0323b637,Mission Foods presente en cada mesa estadounidense: la consolidacion de la tortilla como producto basico en el consumidor anglosajon y latino.,Celebramos la vision de Gruma y Mission Foods llevando las raices del maiz y la tortilla al liderazgo indiscutible de ventas en Norteamerica.
128,Tajín USA,Condimentos y Sazonadores Únicos,Capa 2,Chili Lime Seasoning Cultural Phenomenon,Validado Multi-Contacto C-Level,"Houston, TX / Zapopan HQ",https://www.tajin.com,Luis Alfaro,Head of Marketing Tajin USA,lalfaro@tajin.com,https://www.linkedin.com/in/luis-alfaro-6a2a75a9,Aldo Fernandez Castillo,Commercial & Retail Strategy Director,afernandez@tajin.com,https://www.linkedin.com/in/aldo-fernandez-castillo-b714b828,Javier Leyva,Director USA Operations,jleyva@tajin.com,https://www.linkedin.com/in/javier-leyva-tajin,El condimento que creo una categoria por si solo y cautivo al consumidor norteamericano multicultural: activacion de sabor y frescura en EXMA.,Fascinante el fenomeno de penetracion cultural de Tajin logrando que la combinacion de chile y limon sea amada por todas las generaciones en EE.UU.
129,"Grupo Lala (LALA U.S., Inc.)",Lácteos y Bebidas Nutritivas,Capa 2,Dairy & Drinkable Yogurt USA,Validado Multi-Contacto C-Level,"Dallas, TX / Washington, DC",https://www.lalafoods.com,Leonor Slim,"Chief Executive Officer at LALA U.S., Inc.",leonor.slim@lalagroup.com,https://www.linkedin.com/in/leonor-slim-99358a1a6,Francisco Camacho,Chief Executive Officer Grupo Lala,francisco.camacho@grupolala.com,https://mx.linkedin.com/in/pacocamacho,Jorge Valdes,Commercial Director USA,jorge.valdes@lalagroup.com,https://www.linkedin.com/in/jorge-valdes-lala,Yogurt bebible Lala impulsando la nutricion sobre la marcha de ejecutivos y familias: patrocinio de salud en EXMA Miami 2026.,Gran reconocimiento al trabajo de Leonor Slim y Francisco Camacho expandiendo la calidad de los lacteos Lala en el exigente mercado estadounidense.
130,Mastercard Latin America & Caribbean,Tecnología de Pagos y Servicios Financieros,Capa 4,Payments & Fintech Innovation Miami HQ,Validado Multi-Contacto C-Level,"Miami, FL (Brickell / Regional HQ)",https://www.mastercard.com,Adrian Collard,"SVP, Head of Brand Marketing Latin America & Caribbean",adrian.collard@mastercard.com,https://www.linkedin.com/in/adriancollard,Paola Duran,Senior Vice President Core Consumer Products LAC,paola.duran@mastercard.com,https://www.linkedin.com/in/paoladuran-mastercard,Andrea Scerch,President Latin America & Caribbean,andrea.scerch@mastercard.com,https://www.linkedin.com/in/andreascerch,"Priceless experiences para los asistentes de EXMA Miami: inclusion financiera, pagos biometricos y empoderamiento de PyMEs latinas.",Admiramos la pasion con la que Mastercard desde Miami impulsa la digitalizacion de pequenos comercios y la inclusion financiera en las Americas.
131,Visa Latin America & Caribbean,Red Global de Pagos Digitales,Capa 4,Digital Payments & Cross-Border Miami HQ,Validado Multi-Contacto C-Level,"Miami, FL (Regional HQ LAC)",https://www.visa.com,Luciana Resende Lotze,Senior VP & Head of Marketing LAC,lresende@visa.com,https://www.linkedin.com/in/lucianaresende,Eduardo Coello,Regional President Visa Latin America & Caribbean,ecoello@visa.com,https://www.linkedin.com/in/eduardo-coello-visa,Ryan McInerney,Chief Executive Officer Visa Inc.,rmcinerney@visa.com,https://www.linkedin.com/in/ryan-mcinerney,La red de pagos que mueve al mundo conectando a emprendedores hispanos: credenciales digitales seguras y aceleracion de comercio en Downtown Miami.,Destacamos el liderazgo de Eduardo Coello y Luciana Resende acelerando los pagos en tiempo real y la innovacion fintech en todo el continente.
132,Meta Platforms (Facebook / Instagram / WhatsApp),Redes Sociales y Publicidad PyME,Capa 4,Social Media & Creator Economy Miami,Validado Multi-Contacto C-Level,"Menlo Park, CA / Miami Regional Hub",https://www.meta.com,Rachael Guana,Head of Marketing Meta,rachaelg@meta.com,https://www.linkedin.com/in/rachaelguana,Maren Lau,Regional VP Latin America,marenlau@meta.com,https://www.linkedin.com/in/maren-lau-meta,Mark Zuckerberg,"Founder, Chairman and CEO",zuck@meta.com,https://www.linkedin.com/in/zuck,"El motor publicitario #1 de las micro y medianas empresas hispanas: WhatsApp Business e Instagram Ads potenciando el crecimiento comercial de 2,500 directivos.",Reconocemos el impacto transformador de las herramientas comerciales de WhatsApp y Meta en la creacion de empleo para comunidades hispanas.
133,Amazon Web Services (AWS Startups & LatAm),Infraestructura Cloud e Inteligencia Artificial,Capa 4,Cloud Computing & Generative AI,Validado Multi-Contacto C-Level,"Seattle, WA / Miami Regional Centers",https://aws.amazon.com,Max Tremp,Head of Latin America Partner Organization,maxtremp@amazon.com,https://mx.linkedin.com/in/maxtremp,Jaime Valles,VP Latin America AWS,jvalles@amazon.com,https://www.linkedin.com/in/jaime-valles-aws,Matt Garman,Chief Executive Officer AWS,mgarman@amazon.com,https://www.linkedin.com/in/matt-garman-aws,La nube donde nacen y escalan los unicornios latinos: AWS como patrocinador de tecnologia e IA generativa en EXMA Miami 2026.,Impactante el respaldo que AWS y Jaime Valles brindan a las startups y companías nativas digitales para liderar en computacion en la nube.
134,Microsoft Latin America,Software Empresarial y Soluciones Cloud,Capa 4,Enterprise AI & Copilot Miami HQ,Validado Multi-Contacto C-Level,"Fort Lauderdale / Miami, FL (LatAm HQ)",https://www.microsoft.com,Patricia Miron,Chief Marketing & Operations Officer Latin America,patricia.miron@microsoft.com,https://www.linkedin.com/in/patriciamiron,Tito Arciniega,President Microsoft Latin America,tito.arciniega@microsoft.com,https://www.linkedin.com/in/tito-arciniega-msft,Satya Nadella,Chairman and Chief Executive Officer,satya.nadella@microsoft.com,https://www.linkedin.com/in/satyanadella,"La era de la Inteligencia Artificial y Microsoft Copilot explicada desde su sede regional en el sur de la Florida ante los 2,500 lideres de EXMA.",Felicitaciones a Tito Arciniega y Patricia Miron por liderar con pasion la adopcion de IA responsable en todo el tejido corporativo hispanoamericano.
135,Square (Block Inc),Puntos de Venta y Pagos para Pequeños Negocios,Capa 4,Point of Sale & SMB Merchant Ecosystem,Validado Multi-Contacto C-Level,"San Francisco, CA / Miami Market Hub",https://squareup.com,Jessica Cook,Head of Marketing International GTM,jessicacook@squareup.com,https://au.linkedin.com/in/jesscook,Saumil Mehta,Head of Square,smehta@squareup.com,https://www.linkedin.com/in/saumil-mehta,Jack Dorsey,Block Head & Founder,jack@block.xyz,https://www.linkedin.com/in/jack-dorsey,El hardware y software de cobro que revoluciono los comercios locales: patrocinador exclusivo de cobros de stands y experiencia de compra en EXMA.,Admiramos la elegancia y simplicidad con la que Square empodera a los comerciantes independientes para nunca perder una venta.
136,"HubSpot, Inc.",CRM y Automatización de Marketing,Capa 4,Inbound Marketing & Customer Platform,Validado Multi-Contacto C-Level,"Cambridge, MA / Florida Hub",https://www.hubspot.com,Kip Bodnar,Chief Marketing Officer,kbodnar@hubspot.com,https://www.linkedin.com/in/kipbodnar,Yamini Rangan,Chief Executive Officer,yrangan@hubspot.com,https://www.linkedin.com/in/yaminirangan,Camilo Clavijo,VP Sales & Growth Latin America,cclavijo@hubspot.com,https://www.linkedin.com/in/camiloclavijo,"La plataforma CRM lider que unifica marketing, ventas y servicio al cliente: aliado oficial de transformacion digital para agencias y negocios en EXMA.",Seguimos con atencion la evolucion de HubSpot AI ayudando a las empresas a escalar de manera humana y orientada a relaciones duraderas.
137,Salesforce,CRM y Plataformas en la Nube,Capa 4,Enterprise Cloud & Customer 360 Miami Hub,Validado Multi-Contacto C-Level,"San Francisco, CA / Miami LatAm Hub",https://www.salesforce.com,Ariel Kelman,President & Chief Marketing Officer,akelman@salesforce.com,https://www.linkedin.com/in/ariel-kelman,Guido Sambiocca,Senior VP Latin America & Florida Enterprise,gsambiocca@salesforce.com,https://www.linkedin.com/in/guidosambiocca,Marc Benioff,Chair and Chief Executive Officer,ceo@salesforce.com,https://www.linkedin.com/in/marcbenioff,Customer 360 y agentes autonomos de IA: Salesforce como lider supremo de software empresarial compartiendo vision en la cumbre.,Destacamos la vision pionera de Marc Benioff en torno a Agentforce y la revolucion del trabajo asistido por agentes autonomos inteligentes.
