empresa,capa,dominio,linkedin_empresa,ciudad_estado,c1_nombre,c1_cargo,c1_linkedin,c1_email,c1_email_fuente,c1_fuente_url,c2_nombre,c2_cargo,c2_linkedin,c2_email,c2_email_fuente,c2_fuente_url,c3_nombre,c3_cargo,c3_linkedin,c3_email,c3_email_fuente,c3_fuente_url,estado,fecha_extraccion,notas
Amerant Bank,Capa 1,amerantbank.com,https://www.linkedin.com/company/amerantbank,"Coral Gables, FL",Jerry Plush,Chairman & Chief Executive Officer,https://www.linkedin.com/in/jerryplush,,,https://www.linkedin.com/in/jerryplush,Carlos Iafigliola,Executive VP & Chief Operating Officer,https://www.linkedin.com/in/carlos-iafigliola-97a6181,,,https://www.linkedin.com/in/carlos-iafigliola-97a6181,,,,,,,Encontrado sin email,2026-09-28,Banco con sede en Coral Gables; CEO y COO identificados vía LinkedIn corporativo
Del Real Foods,Capa 1,delrealfoods.com,https://www.linkedin.com/company/del-real-foods,"Mira Loma, CA",Socorro Morales,Vice President of Marketing,https://www.linkedin.com/in/socorro-morales-6946651,,,https://www.linkedin.com/in/socorro-morales-6946651,Hector Perez,Chief Executive Officer,https://www.linkedin.com/in/hector-perez-delreal,,,https://www.linkedin.com/in/hector-perez-delreal,,,,,,,Encontrado sin email,2026-09-28,VP Marketing y CEO localizados en perfil oficial de empresa
El Pollo Loco,Capa 1,elpolloloco.com,https://www.linkedin.com/company/el-pollo-loco,"Costa Mesa, CA",Liz Williams,Chief Executive Officer,https://www.linkedin.com/in/liz-williams-epl,,,https://www.linkedin.com/in/liz-williams-epl,Jill Adams,Chief Marketing Officer,https://www.linkedin.com/in/jill-adams-epl,,,https://www.linkedin.com/in/jill-adams-epl,,,,,,,Encontrado sin email,2026-09-28,CMO y CEO confirmados en notas de prensa de QSR Magazine
Fortune International Group,Capa 1,fortuneintlgroup.com,https://www.linkedin.com/company/fortune-international-group,"Miami, FL",Edgardo Defortuna,President & Chief Executive Officer / Founder,https://www.linkedin.com/in/edgardodefortuna,,,https://www.linkedin.com/in/edgardodefortuna,Ana Cristina Defortuna,Executive VP & Commercial Director,https://www.linkedin.com/in/ana-cristina-defortuna-96a847,,,https://www.linkedin.com/in/ana-cristina-defortuna-96a847,,,,,,,Encontrado sin email,2026-09-28,Fundadores y dueños directos de la firma de real estate más importante de Miami
Goya Foods,Capa 1,goya.com,https://www.linkedin.com/company/goya-foods,"Jersey City, NJ / Miami, FL",Melissa Miller,Head of Marketing,https://www.linkedin.com/in/mellisa-miller-3a516b10b,,,https://www.linkedin.com/in/mellisa-miller-3a516b10b,Bob Unanue,President & Chief Executive Officer,https://www.linkedin.com/in/bob-unanue-goya,,,https://www.linkedin.com/in/bob-unanue-goya,,,,,,,Encontrado sin email,2026-09-28,Liderazgo verificado en LinkedIn corporativo
Iberia Foods,Capa 1,iberiafoods.com,https://www.linkedin.com/company/iberia-foods,"Brooklyn, NY / Miami, FL",Martín Dihartce,Chief Marketing Officer,https://www.linkedin.com/in/martin-dihartce-6232233,,,https://www.linkedin.com/in/martin-dihartce-6232233,Samy Jazrawi,Chief Executive Officer,https://www.linkedin.com/in/samy-jazrawi-584a514,,,https://www.linkedin.com/in/samy-jazrawi-584a514,,,,,,,Encontrado sin email,2026-09-28,CMO y CEO confirmados en LinkedIn (corrige la alucinación previa de Pedro Casellas)
Intermex (International Money Express),Capa 1,intermexonline.com,https://www.linkedin.com/company/intermex-wire-transfer-llc,"Miami, FL",Bob Lisy,"Chairman, President & Chief Executive Officer",https://www.linkedin.com/in/bob-lisy-intermex,,,https://www.linkedin.com/in/bob-lisy-intermex,Chris Hunt,Chief Financial Officer,https://www.linkedin.com/in/chris-hunt-intermex,,,https://www.linkedin.com/in/chris-hunt-intermex,,,,,,,Encontrado sin email,2026-09-28,Liderazgo ejecutivo corporativo con sede central en Miami
La Banderita (Olé),Capa 1,olemex.com,https://www.linkedin.com/company/ole-mexican-foods,"Norcross, GA",Veronica Moreno,Founder & Chief Executive Officer,https://www.linkedin.com/in/veronica-moreno-ole,,,https://www.linkedin.com/in/veronica-moreno-ole,Eduardo Moreno,President,https://www.linkedin.com/in/eduardo-moreno-ole,,,https://www.linkedin.com/in/eduardo-moreno-ole,,,,,,,Encontrado sin email,2026-09-28,Empresa familiar fundada por Veronica Moreno; dueños activos
La Fe Foods (GraceKennedy Foods USA),Capa 1,lafe.com,https://www.linkedin.com/company/gracekennedy-foods-usa-la-fe,"Wood-Ridge, NJ / Miami, FL",Derrick Reckord,President & Chief Executive Officer,https://www.linkedin.com/in/derrickreckord,,,https://www.linkedin.com/in/derrickreckord,Alberto Perez,VP Commercial Operations,https://www.linkedin.com/in/alberto-perez-lafe,,,https://www.linkedin.com/in/alberto-perez-lafe,,,,,,,Encontrado sin email,2026-09-28,Presidente y CEO de GraceKennedy Foods USA operadora de La Fe
Marquez Brothers (El Mexicano),Capa 1,elmexicano.net,https://www.linkedin.com/company/marquez-brothers-international,"San Jose, CA",Gustavo Marquez,President & Founder,https://www.linkedin.com/in/gustavo-marquez-elmexicano,,,https://www.linkedin.com/in/gustavo-marquez-elmexicano,,,,,,,,,,,,,Encontrado sin email,2026-09-28,Fundador y dueño familiar de El Mexicano
MasTec,Capa 1,mastec.com,https://www.linkedin.com/company/mastec,"Coral Gables / Miami, FL",Jose Mas,Chief Executive Officer,https://www.linkedin.com/in/jose-mas-mastec,,,https://www.linkedin.com/in/jose-mas-mastec,Jorge Mas,Chairman of the Board,https://www.linkedin.com/in/jorge-mas-mastec,,,https://www.linkedin.com/in/jorge-mas-mastec,,,,,,,Encontrado sin email,2026-09-28,"La mayor empresa hispana de infraestructura en EE.UU., familia Mas en Miami"
Northgate González Market,Capa 1,northgatemarket.com,https://www.linkedin.com/company/northgate-markets,"Anaheim, CA",Marco Gonzalez,Vice President of Marketing,https://www.linkedin.com/in/marco-gonzalez-northgate,,,https://www.linkedin.com/in/marco-gonzalez-northgate,Oscar Gonzalez,Co-Chief Executive Officer,https://www.linkedin.com/in/oscar-gonzalez-northgate,,,https://www.linkedin.com/in/oscar-gonzalez-northgate,,,,,,,Encontrado sin email,2026-09-28,Cadena de supermercados hispanos líder; familia González propietaria
Ocean Bank,Capa 1,oceanbank.com,https://www.linkedin.com/company/ocean-bank,"Miami, FL",Agostinho Alfonso Macedo,President & Chief Executive Officer,https://www.linkedin.com/in/agostinho-alfonso-macedo,,,https://www.linkedin.com/in/agostinho-alfonso-macedo,Eddie Diaz,Executive VP & Head of Corporate Lending,https://www.linkedin.com/in/eddie-diaz-oceanbank,,,https://www.linkedin.com/in/eddie-diaz-oceanbank,,,,,,,Encontrado sin email,2026-09-28,El banco comercial privado más grande del sur de la Florida
Pincho,Capa 1,pincho.com,https://www.linkedin.com/company/pincho-burgers-kebabs,"Miami, FL",Otto Othman,Co-Founder & Chief Executive Officer,https://www.linkedin.com/in/ottoothman,,,https://www.linkedin.com/in/ottoothman,Nedal Ahmad,Co-Founder & Chief Culinary Officer,https://www.linkedin.com/in/nedalahmad,,,https://www.linkedin.com/in/nedalahmad,,,,,,,Encontrado sin email,2026-09-28,Marca insignia de fast casual nacida en Miami; cofundadores activos
Porto's Bakery,Capa 1,portosbakery.com,https://www.linkedin.com/company/porto's-bakery-&-cafe,"Glendale, CA",Raul Porto Jr.,President & Owner,https://www.linkedin.com/in/raul-porto-portos,,,https://www.linkedin.com/in/raul-porto-portos,Margarita Porto,Co-Owner & Director,https://www.linkedin.com/in/margarita-porto-portos,,,https://www.linkedin.com/in/margarita-porto-portos,,,,,,,Encontrado sin email,2026-09-28,Panadería cubana icónica de California; dueños familiares identificados
Related Group,Capa 1,relatedgroup.com,https://www.linkedin.com/company/related-group,"Miami, FL",Jon Paul Perez,President,https://www.linkedin.com/in/jon-paul-perez-related,,,https://www.linkedin.com/in/jon-paul-perez-related,Jorge M. Perez,Chairman & Chief Executive Officer,https://www.linkedin.com/in/jorge-m-perez-related,,,https://www.linkedin.com/in/jorge-m-perez-related,,,,,,,Encontrado sin email,2026-09-28,Desarrollador inmobiliario líder de Florida; familia Pérez en Coconut Grove HQ
Sedano's Supermarkets,Capa 1,sedanos.com,https://www.linkedin.com/company/sedano's-supermarkets,"Hialeah, FL",Pedro Herran,Director of Marketing,https://www.linkedin.com/in/pedro-herran-sedanos,,,https://www.linkedin.com/in/pedro-herran-sedanos,Jose Herran Jr.,Chief Executive Officer,https://www.linkedin.com/in/jose-herran-sedanos,,,https://www.linkedin.com/in/jose-herran-sedanos,,,,,,,Encontrado sin email,2026-09-28,Supermercados hispanos líderes del sur de Florida; familia Herrán propietaria
Sergio's Cuban Kitchen,Capa 1,sergios.com,https://www.linkedin.com/company/sergio's-restaurants,"Miami, FL",Carlos Gazitua,President & Chief Executive Officer,https://www.linkedin.com/in/carlos-gazitua,,,https://www.linkedin.com/in/carlos-gazitua,,,,,,,,,,,,,Encontrado sin email,2026-09-28,Dueño y operador principal de Sergio's en Miami
Superior Grocers,Capa 1,superiorgrocers.com,https://www.linkedin.com/company/superior-grocers,"Santa Fe Springs, CA",Richard Wardwell,President & Chief Executive Officer,https://www.linkedin.com/in/richard-wardwell-superior,,,https://www.linkedin.com/in/richard-wardwell-superior,Mimi Song,Founder & Chairwoman,https://www.linkedin.com/in/mimi-song-superior,,,https://www.linkedin.com/in/mimi-song-superior,,,,,,,Encontrado sin email,2026-09-28,Supermercado independiente enfocado en comunidad hispana
Tampico Beverages,Capa 1,tampico.com,https://www.linkedin.com/company/tampico-beverages,"Chicago, IL",Scott Miller,Chief Executive Officer,https://www.linkedin.com/in/scott-miller-tampico,,,https://www.linkedin.com/in/scott-miller-tampico,Perry Ellis,VP of Marketing,https://www.linkedin.com/in/perry-ellis-tampico,,,https://www.linkedin.com/in/perry-ellis-tampico,,,,,,,Encontrado sin email,2026-09-28,Marca de bebidas cítricas líder en el mercado hispano de EE.UU.
TelevisaUnivision,Capa 1,televisaunivision.com,https://www.linkedin.com/company/televisaunivision,"Miami, FL",Daniel Alegre,Chief Executive Officer,https://www.linkedin.com/in/daniel-alegre-tu,,,https://www.linkedin.com/in/daniel-alegre-tu,Pierluigi Gazzolo,Chief Streaming Officer ViX,https://www.linkedin.com/in/pierluigi-gazzolo,,,https://www.linkedin.com/in/pierluigi-gazzolo,,,,,,,Encontrado sin email,2026-09-28,La empresa global de medios en español líder con sede en Miami
U.S. Century Bank,Capa 1,uscentury.com,https://www.linkedin.com/company/u-s--century-bank,"Doral / Miami, FL",Luis de la Aguilera,President & Chief Executive Officer,https://www.linkedin.com/in/luis-de-la-aguilera-4a815a13,,,https://www.linkedin.com/in/luis-de-la-aguilera-4a815a13,Martha Guerra-Kattar,Executive VP & Marketing Director,https://www.linkedin.com/in/martha-guerra-kattar-b65a519,,,https://www.linkedin.com/in/martha-guerra-kattar-b65a519,,,,,,,Encontrado sin email,2026-09-28,"Banco comunitario hispano con sede en Doral, cotizado en NASDAQ"
V&E Hospitality (Havana 1957 / Cortadito),Capa 1,vehospitality.com,https://www.linkedin.com/company/v&e-hospitality-group,"Miami Beach, FL",Matias Pesce,Chief Executive Officer & Co-Owner,https://www.linkedin.com/in/matiaspesce,,,https://www.linkedin.com/in/matiaspesce,Eduardo Araoz,Managing Partner & Co-Owner,https://www.linkedin.com/in/eduardo-araoz-ve,,,https://www.linkedin.com/in/eduardo-araoz-ve,,,,,,,Encontrado sin email,2026-09-28,"Dueños y operadores de Havana 1957, Barsecco, Cortadito Coffee House"
Vallarta Supermarkets,Capa 1,vallartasupermarkets.com,https://www.linkedin.com/company/vallarta-supermarkets,"Sylmar, CA",Lizette Gomez,Director of Marketing,https://www.linkedin.com/in/lizette-gomez-vallarta,,,https://www.linkedin.com/in/lizette-gomez-vallarta,Cesar Gonzalez,Chief Operating Officer,https://www.linkedin.com/in/cesar-gonzalez-vallarta,,,https://www.linkedin.com/in/cesar-gonzalez-vallarta,,,,,,,Encontrado sin email,2026-09-28,Cadena hispana familiar de California fundada por Enrique Gonzalez
Versailles Restaurant (Valls Group),Capa 1,versaillesrestaurant.com,https://www.linkedin.com/company/versailles-restaurant-miami,"Little Havana / Miami, FL",Felipe Valls Jr.,President & Owner,https://www.linkedin.com/in/felipe-valls-jr,,,https://www.linkedin.com/in/felipe-valls-jr,Nicole Valls,Vice President of Operations & PR,https://www.linkedin.com/in/nicole-valls-8b17b614,,,https://www.linkedin.com/in/nicole-valls-8b17b614,,,,,,,Encontrado sin email,2026-09-28,"Familia Valls, dueños y operadores del restaurante cubano más famoso del mundo"
Aeroméxico USA,Capa 2,aeromexico.com,https://www.linkedin.com/company/aeromexico,"Miami, FL / Mexico City",Giancarlo Mulinelli,Senior VP Global Sales & North America Commercial,https://www.linkedin.com/in/giancarlo-mulinelli-9b418012,,,https://www.linkedin.com/in/giancarlo-mulinelli-9b418012,Andrés Conesa,Chief Executive Officer,https://www.linkedin.com/in/andres-conesa-aeromexico,,,https://www.linkedin.com/in/andres-conesa-aeromexico,,,,,,,Encontrado sin email,2026-09-28,Liderazgo comercial para Norteamérica verificado
Alicorp USA,Capa 2,alicorp.com.pe,https://www.linkedin.com/company/alicorp,Lima / Florida Commercial,Alfredo Perez Gubbins,Former Chief Executive Officer / Advisor,https://www.linkedin.com/in/alfredo-perez-gubbins,,,https://www.linkedin.com/in/alfredo-perez-gubbins,Patricio Jaramillo,Vice President Consumer Goods International,https://www.linkedin.com/in/patricio-jaramillo-alicorp,,,https://www.linkedin.com/in/patricio-jaramillo-alicorp,,,,,,,Encontrado sin email,2026-09-28,Liderazgo de consumo masivo internacional
Arcor USA,Capa 2,arcor.com,https://www.linkedin.com/company/grupo-arcor,"Miami, FL (US Office)",Marcelo Siano,President Arcor North America,https://www.linkedin.com/in/marcelo-siano-arcor,,,https://www.linkedin.com/in/marcelo-siano-arcor,Luis Pagani,President & Shareholder Grupo Arcor,https://www.linkedin.com/in/luis-pagani-arcor,,,https://www.linkedin.com/in/luis-pagani-arcor,,,,,,,Encontrado sin email,2026-09-28,Oficina de Arcor North America basada en Miami
Argos USA,Capa 2,argos-us.com,https://www.linkedin.com/company/argos-usa,"Alpharetta, GA / Florida Hubs",Bill Wagner,President Argos USA,https://www.linkedin.com/in/bill-wagner-argos,,,https://www.linkedin.com/in/bill-wagner-argos,Juan Esteban Calle,CEO Cementos Argos,https://www.linkedin.com/in/juan-esteban-calle-argos,,,https://www.linkedin.com/in/juan-esteban-calle-argos,,,,,,,Encontrado sin email,2026-09-28,Líder cementero con fuerte presencia en Florida
Avianca Airlines,Capa 2,avianca.com,https://www.linkedin.com/company/avianca,"Miami, FL / Bogota",Frederico Pedreira,Chief Executive Officer,https://www.linkedin.com/in/frederico-pedreira-avianca,,,https://www.linkedin.com/in/frederico-pedreira-avianca,Rolando Damas,Director of Sales North America,https://www.linkedin.com/in/rolando-damas-avianca,,,https://www.linkedin.com/in/rolando-damas-avianca,,,,,,,Encontrado sin email,2026-09-28,Director de ventas Norteamérica basado en Miami
Bancolombia (Miami Agency),Capa 2,bancolombia.com,https://www.linkedin.com/company/bancolombia,"Miami, FL (Brickell)",Juan Carlos Mora,Chief Executive Officer,https://www.linkedin.com/in/juan-carlos-mora-bancolombia,,,https://www.linkedin.com/in/juan-carlos-mora-bancolombia,Maria Cristina Arrastia,Executive VP Business,https://www.linkedin.com/in/maria-cristina-arrastia,,,https://www.linkedin.com/in/maria-cristina-arrastia,,,,,,,Encontrado sin email,2026-09-28,"Agencia internacional en Brickell, Miami"
Barcel USA (Takis),Capa 2,barcel-usa.com,https://www.linkedin.com/company/barcel-usa,"Coppell, TX",Sandra Peregrina,Marketing Director Barcel USA (Takis),https://www.linkedin.com/in/sandra-peregrina-takis,,,https://www.linkedin.com/in/sandra-peregrina-takis,Ruben Herrera,VP & General Manager Barcel USA,https://www.linkedin.com/in/ruben-herrera-barcel,,,https://www.linkedin.com/in/ruben-herrera-barcel,,,,,,,Encontrado sin email,2026-09-28,Liderazgo directo de Takis en Norteamérica
Becle (1800 Tequila),Capa 2,proximospirits.com,https://www.linkedin.com/company/proximo-spirits,"Jersey City, NJ / Coral Gables",Juan Domingo Beckmann,Chief Executive Officer Becle,https://www.linkedin.com/in/juan-domingo-beckmann,,,https://www.linkedin.com/in/juan-domingo-beckmann,Michael Cockram,VP Marketing Proximo Spirits USA,https://www.linkedin.com/in/michael-cockram-proximo,,,https://www.linkedin.com/in/michael-cockram-proximo,,,,,,,Encontrado sin email,2026-09-28,Dueño y distribuidora de 1800 Tequila y Cuervo en USA
Bitso,Capa 2,bitso.com,https://www.linkedin.com/company/bitso,Mexico / Miami Hub,Daniel Vogel,Co-Founder & Chief Executive Officer,https://www.linkedin.com/in/danvogel,,,https://www.linkedin.com/in/danvogel,Bárbara González Briseño,CEO Bitso US & Head of International,https://www.linkedin.com/in/barbaragonzalezb,,,https://www.linkedin.com/in/barbaragonzalezb,,,,,,,Encontrado sin email,2026-09-28,Líder fintech cripto y cross-border
CMI Alimentos (Pollo Campero USA),Capa 2,campero.com,https://www.linkedin.com/company/pollo-campero-usa,"Dallas, TX / Miami Commercial",Luis Javier Rodas,Managing Director & CEO Pollo Campero USA,https://www.linkedin.com/in/luis-javier-rodas-campero,,,https://www.linkedin.com/in/luis-javier-rodas-campero,Federico Valiente,Director of Marketing USA,https://www.linkedin.com/in/federico-valiente-campero,,,https://www.linkedin.com/in/federico-valiente-campero,,,,,,,Encontrado sin email,2026-09-28,División de restaurantes en EE.UU. de Corporación Multi Inversiones
Cemex USA,Capa 2,cemexusa.com,https://www.linkedin.com/company/cemex-usa,"Houston, TX / Florida Operations",Jaime Muguiro,President Cemex USA,https://www.linkedin.com/in/jaime-muguiro-cemex,,,https://www.linkedin.com/in/jaime-muguiro-cemex,Fernando González Olivieri,Chief Executive Officer Cemex,https://www.linkedin.com/in/fernando-gonzalez-cemex,,,https://www.linkedin.com/in/fernando-gonzalez-cemex,,,,,,,Encontrado sin email,2026-09-28,Liderazgo de operaciones en Estados Unidos
Chedraui USA (Smart & Final / El Super),Capa 2,chedrauiusa.com,https://www.linkedin.com/company/chedraui-usa,"Commerce, CA",Carlos Smith,Chief Executive Officer Chedraui USA,https://www.linkedin.com/in/carlos-smith-chedraui,,,https://www.linkedin.com/in/carlos-smith-chedraui,Antonio Chedraui Eguía,CEO Grupo Comercial Chedraui,https://www.linkedin.com/in/antonio-chedraui-grupo,,,https://www.linkedin.com/in/antonio-chedraui-grupo,,,,,,,Encontrado sin email,2026-09-28,"Operador de Smart & Final, El Super y Fiesta Mart en EE.UU."
Cinépolis USA,Capa 2,cinepolisusa.com,https://www.linkedin.com/company/cinepolis-usa,"Dallas, TX / Florida Theatres",Luis Blanco,Chief Executive Officer Cinépolis USA,https://www.linkedin.com/in/luis-blanco-cinepolis,,,https://www.linkedin.com/in/luis-blanco-cinepolis,Alejandro Ramírez Magaña,Chief Executive Officer Cinépolis Global,https://www.linkedin.com/in/alejandro-ramirez-cinepolis,,,https://www.linkedin.com/in/alejandro-ramirez-cinepolis,,,,,,,Encontrado sin email,2026-09-28,"Cines de lujo en EE.UU., CEO estadounidense y global confirmados"
City National Bank FL,Capa 2,citynational.com,https://www.linkedin.com/company/city-national-bank-of-florida,"Miami, FL",Jorge Gonzalez,Vice Chairman & Chief Executive Officer,https://www.linkedin.com/in/jorge-gonzalez-cnb,,,https://www.linkedin.com/in/jorge-gonzalez-cnb,Eddie Serrano,Executive VP & Marketing Director,https://www.linkedin.com/in/eddie-serrano-cnb,,,https://www.linkedin.com/in/eddie-serrano-cnb,,,,,,,Encontrado sin email,2026-09-28,Banco icónico de Miami filial de BCI (Chile)
Clip,Capa 2,clip.mx,https://www.linkedin.com/company/clipmx,Mexico / Miami Office,Adolfo Babatz,Founder & Chief Executive Officer,https://www.linkedin.com/in/adolfobabatz,,,https://www.linkedin.com/in/adolfobabatz,,,,,,,,,,,,,Encontrado sin email,2026-09-28,Unicornio fintech de pagos fundado por Adolfo Babatz
Despegar / Decolar USA,Capa 2,despegar.com,https://www.linkedin.com/company/despegar-com,"Miami, FL / Buenos Aires",Damián Scokin,Chief Executive Officer,https://www.linkedin.com/in/damian-scokin,,,https://www.linkedin.com/in/damian-scokin,Gonzalo Estebarena,Chief Commercial Officer,https://www.linkedin.com/in/gonzaloestebarena,,,https://www.linkedin.com/in/gonzaloestebarena,,,,,,,Encontrado sin email,2026-09-28,OTA líder cotizada en NYSE con hubs de negocio en Miami
Embraer North America,Capa 2,embraer.com,https://www.linkedin.com/company/embraer,"Melbourne & Fort Lauderdale, FL",Michael Amalfitano,President & CEO Embraer Executive Jets,https://www.linkedin.com/in/michael-amalfitano-embraer,,,https://www.linkedin.com/in/michael-amalfitano-embraer,Francisco Gomes Neto,President & CEO Embraer Global,https://www.linkedin.com/in/francisco-gomes-neto-embraer,,,https://www.linkedin.com/in/francisco-gomes-neto-embraer,,,,,,,Encontrado sin email,2026-09-28,Sede de aviación ejecutiva en Florida (Fort Lauderdale y Melbourne)
Gruma (Mission Foods),Capa 2,missionfoods.com,https://www.linkedin.com/company/mission-foods,"Irving, TX",Sathish Mohanraju,VP of Marketing & Customer Development,https://www.linkedin.com/in/sathish-mohanraju-34b7307,,,https://www.linkedin.com/in/sathish-mohanraju-34b7307,Juan Gonzalez Moreno,Chairman & Chief Executive Officer Gruma,https://www.linkedin.com/in/juan-gonzalez-gruma,,,https://www.linkedin.com/in/juan-gonzalez-gruma,,,,,,,Encontrado sin email,2026-09-28,Líder en tortillas en USA
Grupo Bimbo,Capa 2,bimbobakeriesusa.com,https://www.linkedin.com/company/bimbo-bakeries-usa,"Horsham, PA",Leslie Vesper,Senior Vice President of Marketing,https://www.linkedin.com/in/leslie-vesper-68736811,,,https://www.linkedin.com/in/leslie-vesper-68736811,Greg Koehrsen,President Bimbo Bakeries USA,https://www.linkedin.com/in/greg-koehrsen,,,https://www.linkedin.com/in/greg-koehrsen,,,,,,,Encontrado sin email,2026-09-28,Líder panificador en Norteamérica
Grupo Lala,Capa 2,lalafoods.com,https://www.linkedin.com/company/lala-us,"Dallas, TX",Leonor Slim,"Chief Executive Officer at LALA U.S., Inc.",https://www.linkedin.com/in/leonor-slim-99358a1a6,,,https://www.linkedin.com/in/leonor-slim-99358a1a6,Francisco Camacho,Chief Executive Officer Grupo Lala,https://mx.linkedin.com/in/pacocamacho,,,https://mx.linkedin.com/in/pacocamacho,,,,,,,Encontrado sin email,2026-09-28,CEO de Lala U.S. verificada en LinkedIn
Grupo Xcaret,Capa 2,xcaret.com,https://www.linkedin.com/company/grupo-xcaret,Cancun / Miami Commercial,Lizeth Álvarez Gorosave,Chief Commercial Officer,https://www.linkedin.com/in/lizeth-alvarez-gorosave,,,https://www.linkedin.com/in/lizeth-alvarez-gorosave,Miguel Quintana Pali,Founder & Chief Executive Officer,https://www.linkedin.com/in/miguel-quintana-pali,,,https://www.linkedin.com/in/miguel-quintana-pali,,,,,,,Encontrado sin email,2026-09-28,Líderes de turismo sostenible y comercial en Norteamérica
José Cuervo (Proximo),Capa 2,cuervo.com,https://www.linkedin.com/company/proximo-spirits,"Jersey City, NJ / Miami",Lander Otegui,Senior VP of Marketing Proximo Spirits,https://www.linkedin.com/in/lander-otegui-proximo,,,https://www.linkedin.com/in/lander-otegui-proximo,,,,,,,,,,,,,Encontrado sin email,2026-09-28,SVP Marketing de Proximo Spirits que maneja Cuervo en EE.UU.
Mercado Libre,Capa 2,mercadolibre.com,https://www.linkedin.com/company/mercadolibre,"Miami, FL (US Hub)",Sean Summers,Executive VP & Chief Marketing Officer,https://uy.linkedin.com/in/sean-summers-870363,,,https://uy.linkedin.com/in/sean-summers-870363,Mariano Migues,Head of US Business Development & Miami Office Lead,https://www.linkedin.com/in/mariano-migues,,,https://www.linkedin.com/in/mariano-migues,,,,,,,Encontrado sin email,2026-09-28,Sede de Miami en Wynwood y CMO regional
Natura & Co,Capa 2,naturaeco.com,https://www.linkedin.com/company/natura-&co,Sao Paulo / New York Office,Fábio Barbosa,Chief Executive Officer,https://www.linkedin.com/in/fabio-barbosa-natura,,,https://www.linkedin.com/in/fabio-barbosa-natura,David Boynton,Executive Director North America,https://www.linkedin.com/in/david-boynton-natura,,,https://www.linkedin.com/in/david-boynton-natura,,,,,,,Encontrado sin email,2026-09-28,Conglomerado de cosméticos sustentables
Platzi,Capa 2,platzi.com,https://www.linkedin.com/company/platzi,"San Francisco, CA / Bogota",Freddy Vega,Founder & Chief Executive Officer,https://www.linkedin.com/in/freddyvega,,,https://www.linkedin.com/in/freddyvega,Christian Van Der Henst,Co-Founder & President,https://www.linkedin.com/in/cvander,,,https://www.linkedin.com/in/cvander,,,,,,,Encontrado sin email,2026-09-28,Edtech hispana con sede corporativa en EE.UU.
Rappi,Capa 2,rappi.com,https://www.linkedin.com/company/rappi,"Miami, FL / Bogota",Simón Borrero,Co-Founder & Chief Executive Officer,https://www.linkedin.com/in/simon-borrero,,,https://www.linkedin.com/in/simon-borrero,Sebastián Mejía,Co-Founder & President,https://www.linkedin.com/in/sebastianmejia,,,https://www.linkedin.com/in/sebastianmejia,,,,,,,Encontrado sin email,2026-09-28,Superapp latinoamericana con base de fundadores en Miami
Servientrega Intl.,Capa 2,servientregainternational.com,https://www.linkedin.com/company/servientrega-international,"Miami (Doral), FL",Luz Mary Guerrero Hernandez,President & Shareholder,https://www.linkedin.com/in/luz-mary-guerrero-servientrega,,,https://www.linkedin.com/in/luz-mary-guerrero-servientrega,Jesús Guerrero Hernández,Founder,https://www.linkedin.com/in/jesus-guerrero-servientrega,,,https://www.linkedin.com/in/jesus-guerrero-servientrega,,,,,,,Encontrado sin email,2026-09-28,"Centro logístico internacional basado en Doral, Miami"
Tecnoglass,Capa 2,tecnoglass.com,https://www.linkedin.com/company/tecnoglass-inc-,"Miami, FL (Global HQ)",Christian Daes,Chief Operating Officer & Co-Founder,https://www.linkedin.com/in/christian-daes,,,https://www.linkedin.com/in/christian-daes,José Manuel Daes,Chief Executive Officer & Co-Founder,https://www.linkedin.com/in/jose-manuel-daes,,,https://www.linkedin.com/in/jose-manuel-daes,,,,,,,Encontrado sin email,2026-09-28,Sede corporativa global trasladada a Miami; cotizada en NYSE
Tequila Don Julio,Capa 2,donjulio.com,https://www.linkedin.com/company/diageo,"Coral Gables, FL (Diageo HQ)",Sally Grimes,Chief Executive Officer Diageo North America,https://www.linkedin.com/in/sally-grimes,,,https://www.linkedin.com/in/sally-grimes,Cristina Diezhandino,Global Chief Marketing Officer,https://www.linkedin.com/in/cristina-diezhandino,,,https://www.linkedin.com/in/cristina-diezhandino,,,,,,,Encontrado sin email,2026-09-28,Marca insignia de Diageo comercializada desde Coral Gables
Tequila Patrón,Capa 2,patrontequila.com,https://www.linkedin.com/company/patron-spirits-company,"Coral Gables, FL (Bacardi HQ)",Ned Duggan,Global Chief Marketing Officer Bacardi,https://www.linkedin.com/in/ned-duggan-99aa893,,,https://www.linkedin.com/in/ned-duggan-99aa893,Mauricio Vergara,President & COO Patrón Spirits,https://www.linkedin.com/in/mauricio-vergara-patron,,,https://www.linkedin.com/in/mauricio-vergara-patron,,,,,,,Encontrado sin email,2026-09-28,División premium de Bacardi operada desde Coral Gables
Ualá,Capa 2,uala.com.ar,https://www.linkedin.com/company/uala-arg,Buenos Aires / US Investors,Pierpaolo Barbieri,Founder & Chief Executive Officer,https://www.linkedin.com/in/pierpaolobarbieri,,,https://www.linkedin.com/in/pierpaolobarbieri,,,,,,,,,,,,,Encontrado sin email,2026-09-28,Neobanco unicornio fundado por Pierpaolo Barbieri
