prioridad,bloque,empresa,capa,nombre_capa,capa_que_traía,ojo,estado_real,producto_objetivo,mi_comision,alerta,ciudad,web,c1_nombre,c1_cargo,c1_email,c1_linkedin,c2_nombre,c2_cargo,c2_email,c2_linkedin,c3_nombre,c3_cargo,c3_email,c3_linkedin,email_estado,linkedin_activo,score_0a3,fecha_valid,estado_comercial,fecha_toque_1,fecha_toque_2,primera_linea,duplicado_fusionado
1,B · CORAZÓN,Bacardi USA,Capa 1,RAÍZ LATINA HECHA EN USA,Capa 1,,Contacto encontrado · falta verificar,Brand Access 15K / Experience 30K,1.500 - 3.000,,"Coral Gables, FL (Global/Americas HQ)",https://www.bacardilimited.com,Ned Duggan,Global Chief Marketing Officer & President Bacardi Global Brands,nduggan@bacardi.com,https://www.linkedin.com/in/ned-duggan-99aa893,Mahesh Madhavan,Chief Executive Officer,mmadhavan@bacardi.com,https://www.linkedin.com/in/mahesh-madhavan,John Gomez,Sr. VP Commercial & Marketing Operations,jgomez@bacardi.com,https://www.linkedin.com/in/john-gomez-85aa913,,,,,Contactado (Toque 2),2026-09-29,2026-10-05,Admiro el compromiso inquebrantable de Bacardi con las artes y el liderazgo empresarial en Coral Gables y a nivel global.,Bacardi Limited
1,B · CORAZÓN,Badia Spices,Capa 1,RAÍZ LATINA HECHA EN USA,Capa 1,,Contacto encontrado · falta verificar,Brand Access 15K / Experience 30K,1.500 - 3.000,,"Doral / Miami, FL",https://www.badiaspices.com,Martina Sachs Campos,Marketing Director,martina.campos@badiaspices.com,https://www.linkedin.com/in/martinascampos,Joseph Pepe Badia,President & Chief Executive Officer,pbadia@badiaspices.com,https://www.linkedin.com/in/pepe-badia,Lori Conduris,Marketing Manager & Public Relations,lori.conduris@badiaspices.com,https://www.linkedin.com/in/lori-conduris-12210831,,,,,Por validar,,,"Es un verdadero honor ver cómo Badia Spices, desde Miami, se ha consolidado en el corazón y los hogares de toda la comunidad hispana en Estados Unidos.",
1,B · CORAZÓN,Banesco USA,Capa 1,RAÍZ LATINA HECHA EN USA,Capa 1,,Contacto encontrado · falta verificar,Brand Access 15K / Experience 30K,1.500 - 3.000,,"Coral Gables / Miami, FL",https://www.banescousa.com,Calixto Cali Garcia-Velez,President & Chief Executive Officer,cgarcia-velez@banescousa.com,https://www.linkedin.com/in/caligarciavelez,Carlos Lamourtte,SVP & Head of Commercial & Industrial Banking,clamourtte@banescousa.com,https://www.linkedin.com/in/carlos-lamourtte-a1624b33,Juan Carlos Escotet,Founder and Chairman of the Board,jcescotet@banesco.com,https://www.linkedin.com/in/juan-carlos-escotet,,,,,Contactado (Toque 1),2026-09-29,2026-10-05,Reconocemos el formidable liderazgo de Cali Garcia-Velez consolidando a Banesco USA como el puente fiduciario indispensable para negocios hispanos.,
1,B · CORAZÓN,Cacique Foods,Capa 1,RAÍZ LATINA HECHA EN USA,Capa 1,,Contacto encontrado · falta verificar,Brand Access 15K / Experience 30K,1.500 - 3.000,,"Amarillo, TX / California & Florida Hubs",https://www.caciquefoods.com,Pedro Silveira,Chief Marketing Officer & Commercial Growth Leader,psilveira@caciquefoods.com,https://www.linkedin.com/in/pedro-silveira-8811b5,Gil de Cardenas,Chief Executive Officer,gcardenas@caciquefoods.com,https://www.linkedin.com/in/gil-de-cardenas,Tom Sawyer,Director of Sales & Retail Strategy,tsawyer@caciquefoods.com,https://www.linkedin.com/in/tom-sawyer-59b85b82,,,,,Contactado (Toque 2),2026-09-29,2026-10-05,Un verdadero referente de tradicion y calidad como Cacique Foods ha llevado el autentico sabor de casa a los refrigeradores de todo un pais.,
1,B · CORAZÓN,F. Gavina & Sons (Cafe La Llave / Don Franciscos),Capa 1,RAÍZ LATINA HECHA EN USA,Capa 1,,Contacto encontrado · falta verificar,Brand Access 15K / Experience 30K,1.500 - 3.000,,"Vernon, CA / Florida Distribution",https://www.cafelallave.com,Leonor Gavina-Valls,VP of Marketing,leonor.gavina@gavina.com,https://www.linkedin.com/in/leonor-gavi%C3%B1a-valls-13073525,Michael Gavina,VP Purchasing & Green Coffee Operations,michael.gavina@gavina.com,https://www.linkedin.com/in/michael-gavina-347b582,Pedro L. Gavina,President & Owner,pedro.gavina@gavina.com,https://www.linkedin.com/in/pedro-gavina,,,,,Contactado (Toque 2),2026-09-29,2026-10-05,Un tributo a la historia y excelencia con la que la familia Gavina ha mantenido el estandar mas alto de cafe con autentica pasion latina.,
1,B · CORAZÓN,Pollo Tropical,Capa 1,RAÍZ LATINA HECHA EN USA,(vacía),← asignada,Contacto encontrado · falta verificar,Brand Access 15K / Experience 30K,1.500 - 3.000,,"Miami, FL (HQ)",https://www.pollotropical.com,Enrique Perez-Pantera,Senior Communications & Marketing Director,eperez@pollotropical.com,https://www.linkedin.com/in/enriquepantera,Dirk Montgomery,President & Chief Executive Officer,dmontgomery@pollotropical.com,https://www.linkedin.com/in/dirk-montgomery,Sean Gerrard,Director of Operational Excellence,sgerrard@pollotropical.com,https://www.linkedin.com/in/sean-gerrard-07033b80,,,,,Contactado (Toque 1),2026-09-30,2026-10-06,,Pollo Tropical (Fiesta Restaurant Group)
1,B · CORAZÓN,Ruiz Foods,Capa 1,RAÍZ LATINA HECHA EN USA,(vacía),← asignada,Contacto encontrado · falta verificar,Brand Access 15K / Experience 30K,1.500 - 3.000,,"Frisco, TX / Dinuba, CA",https://www.ruizfoods.com,Kimberli Carroll,President & Chief Executive Officer,kcarroll@ruizfoods.com,https://www.linkedin.com/in/kimberli-carroll,Kathleen Da Cunha,Senior VP Corporate Strategy and R&D,kdacunha@ruizfoods.com,https://www.linkedin.com/in/kathleen-da-cunha-57597614,Hunter McMillan,Commercial Leader in Foodservice,hmcmillan@ruizfoods.com,https://www.linkedin.com/in/mcmillanhunter,,,,,Por validar,,,,Ruiz Foods (El Monterey / Tornados)
1,B · CORAZÓN,Spanish Broadcasting System (SBS),Capa 1,RAÍZ LATINA HECHA EN USA,Capa 1,,Contacto encontrado · falta verificar,Brand Access 15K / Experience 30K,1.500 - 3.000,,"Miami, FL (Mega 97.9 / Z92)",https://www.spanishbroadcasting.com,Richard D. Lara,Chief Operating Officer & General Counsel,rlara@sbshq.com,https://www.linkedin.com/in/richard-d-lara-98791113,Raul Alarcon Jr.,Chairman & Chief Executive Officer,ralarcon@sbshq.com,https://www.linkedin.com/in/raul-alarcon-sbs,Albert Rodriguez,Senior Media Advisor & Former COO,arodriguez@sbshq.com,https://www.linkedin.com/in/albert-rodriguez-sbs,,,,,Por validar,,,Un tributo a la vision de Raul Alarcon y el equipo de SBS manteniendo a la radio hispana en la cuspide del rating y la musica latina en Estados Unidos.,
1,B · CORAZÓN,Nubank,Capa 2,CONEXIÓN MÉXICO · COLOMBIA · LATAM,Capa 2,,Contacto encontrado · falta verificar,Brand Access 15K / Experience 30K,1.500 - 3.000,,Sao Paulo / Miami Office,https://nubank.com.br,Paulina Juaristi,Chief Marketing Officer,paulina.juaristi@nubank.com.br,https://mx.linkedin.com/in/paulina-juaristi,David Velez,"Founder, Chief Executive Officer & Chairman",david.velez@nubank.com.br,https://www.linkedin.com/in/david-velez-nu,Cristina Junqueira,Co-Founder & Chief Growth Officer,cristina.junqueira@nubank.com.br,https://www.linkedin.com/in/cristina-junqueira,,,,,Por validar,,,"Superar los 100 millones de clientes desafiando el status quo bancario convierte a Nu en la mayor inspiración para los 2,500 doers de EXMA.",Nubank (Nu Holdings)
1,B · CORAZÓN,Amerant Bank,Capa 1,RAÍZ LATINA HECHA EN USA,(vacía),← asignada,Encontrado sin email · pendiente verificar buzón,Brand Access 15K / Experience 30K,1.500 - 3.000,,"Coral Gables, FL",amerantbank.com,Jerry Plush,Chairman & Chief Executive Officer,,https://www.linkedin.com/in/jerryplush,Carlos Iafigliola,Executive VP & Chief Operating Officer,,https://www.linkedin.com/in/carlos-iafigliola-97a6181,,,,,,,,2026-09-28,Por validar,,,,
1,B · CORAZÓN,Del Real Foods,Capa 1,RAÍZ LATINA HECHA EN USA,(vacía),← asignada,Encontrado sin email · pendiente verificar buzón,Brand Access 15K / Experience 30K,1.500 - 3.000,,"Mira Loma, CA",delrealfoods.com,Socorro Morales,Vice President of Marketing,,https://www.linkedin.com/in/socorro-morales-6946651,Hector Perez,Chief Executive Officer,,https://www.linkedin.com/in/hector-perez-delreal,,,,,,,,2026-09-28,Por validar,,,,
1,B · CORAZÓN,El Pollo Loco,Capa 1,RAÍZ LATINA HECHA EN USA,(vacía),← asignada,Encontrado sin email · pendiente verificar buzón,Brand Access 15K / Experience 30K,1.500 - 3.000,,"Costa Mesa, CA",elpolloloco.com,Liz Williams,Chief Executive Officer,,https://www.linkedin.com/in/liz-williams-epl,Jill Adams,Chief Marketing Officer,,https://www.linkedin.com/in/jill-adams-epl,,,,,,,,2026-09-28,Por validar,,,,
1,B · CORAZÓN,Fortune International Group,Capa 1,RAÍZ LATINA HECHA EN USA,(vacía),← asignada,Encontrado sin email · pendiente verificar buzón,Brand Access 15K / Experience 30K,1.500 - 3.000,,"Miami, FL",fortuneintlgroup.com,Edgardo Defortuna,President & Chief Executive Officer / Founder,,https://www.linkedin.com/in/edgardodefortuna,Ana Cristina Defortuna,Executive VP & Commercial Director,,https://www.linkedin.com/in/ana-cristina-defortuna-96a847,,,,,,,,2026-09-28,Por validar,,,,
1,B · CORAZÓN,Goya Foods,Capa 1,RAÍZ LATINA HECHA EN USA,Capa 1,,Encontrado sin email · pendiente verificar buzón,Brand Access 15K / Experience 30K,1.500 - 3.000,,"Jersey City, NJ / Miami, FL",goya.com,Melissa Miller,Head of Marketing,,https://www.linkedin.com/in/mellisa-miller-3a516b10b,Bob Unanue,President & Chief Executive Officer,,https://www.linkedin.com/in/bob-unanue-goya,,,,,,,,2026-09-28,Por validar,,,Admiro el liderazgo continuo de Goya celebrando casi nueve décadas alimentando y representando a las familias hispanas en todo Estados Unidos.,
1,B · CORAZÓN,Iberia Foods,Capa 1,RAÍZ LATINA HECHA EN USA,(vacía),← asignada,Encontrado sin email · pendiente verificar buzón,Brand Access 15K / Experience 30K,1.500 - 3.000,,"Brooklyn, NY / Miami, FL",iberiafoods.com,Martín Dihartce,Chief Marketing Officer,,https://www.linkedin.com/in/martin-dihartce-6232233,Samy Jazrawi,Chief Executive Officer,,https://www.linkedin.com/in/samy-jazrawi-584a514,,,,,,,,2026-09-28,Por validar,,,,
1,B · CORAZÓN,Intermex,Capa 1,RAÍZ LATINA HECHA EN USA,(vacía),← asignada,Encontrado sin email · pendiente verificar buzón,Brand Access 15K / Experience 30K,1.500 - 3.000,,"Miami, FL",intermexonline.com,Bob Lisy,"Chairman, President & Chief Executive Officer",,https://www.linkedin.com/in/bob-lisy-intermex,Chris Hunt,Chief Financial Officer,,https://www.linkedin.com/in/chris-hunt-intermex,,,,,,,,2026-09-28,Por validar,,,,
1,B · CORAZÓN,La Banderita (Olé),Capa 1,RAÍZ LATINA HECHA EN USA,Capa 1,,Encontrado sin email · pendiente verificar buzón,Brand Access 15K / Experience 30K,1.500 - 3.000,,"Norcross, GA",olemex.com,Veronica Moreno,Founder & Chief Executive Officer,,https://www.linkedin.com/in/veronica-moreno-ole,Eduardo Moreno,President,,https://www.linkedin.com/in/eduardo-moreno-ole,,,,,,,,2026-09-28,Por validar,,,Una historia inspiradora de liderazgo femenino latino cómo Veronica Moreno levantó una de las mayores empresas de tortillas de Norteamérica.,
1,B · CORAZÓN,La Fe Foods,Capa 1,RAÍZ LATINA HECHA EN USA,(vacía),← asignada,Encontrado sin email · pendiente verificar buzón,Brand Access 15K / Experience 30K,1.500 - 3.000,,"Wood-Ridge, NJ / Miami, FL",lafe.com,Derrick Reckord,President & Chief Executive Officer,,https://www.linkedin.com/in/derrickreckord,Alberto Perez,VP Commercial Operations,,https://www.linkedin.com/in/alberto-perez-lafe,,,,,,,,2026-09-28,Por validar,,,,
1,B · CORAZÓN,Marquez Brothers (El Mexicano),Capa 1,RAÍZ LATINA HECHA EN USA,(vacía),← asignada,Encontrado sin email · pendiente verificar buzón,Brand Access 15K / Experience 30K,1.500 - 3.000,,"San Jose, CA",elmexicano.net,Gustavo Marquez,President & Founder,,https://www.linkedin.com/in/gustavo-marquez-elmexicano,,,,,,,,,,,,2026-09-28,Por validar,,,,
1,B · CORAZÓN,MasTec,Capa 1,RAÍZ LATINA HECHA EN USA,Capa 1,,Encontrado sin email · pendiente verificar buzón,Brand Access 15K / Experience 30K,1.500 - 3.000,,"Coral Gables / Miami, FL",mastec.com,Jose Mas,Chief Executive Officer,,https://www.linkedin.com/in/jose-mas-mastec,Jorge Mas,Chairman of the Board,,https://www.linkedin.com/in/jorge-mas-mastec,,,,,,,,2026-09-28,Por validar,,,Orgullo ver a una compañía fundada por inmigrantes cubanos posicionarse en Fortune 500 liderando la transición energética de Estados Unidos.,
1,B · CORAZÓN,Northgate González Market,Capa 1,RAÍZ LATINA HECHA EN USA,(vacía),← asignada,Encontrado sin email · pendiente verificar buzón,Brand Access 15K / Experience 30K,1.500 - 3.000,,"Anaheim, CA",northgatemarket.com,Marco Gonzalez,Vice President of Marketing,,https://www.linkedin.com/in/marco-gonzalez-northgate,Oscar Gonzalez,Co-Chief Executive Officer,,https://www.linkedin.com/in/oscar-gonzalez-northgate,,,,,,,,2026-09-28,Por validar,,,,
1,B · CORAZÓN,Ocean Bank,Capa 1,RAÍZ LATINA HECHA EN USA,(vacía),← asignada,Encontrado sin email · pendiente verificar buzón,Brand Access 15K / Experience 30K,1.500 - 3.000,,"Miami, FL",oceanbank.com,Agostinho Alfonso Macedo,President & Chief Executive Officer,,https://www.linkedin.com/in/agostinho-alfonso-macedo,Eddie Diaz,Executive VP & Head of Corporate Lending,,https://www.linkedin.com/in/eddie-diaz-oceanbank,,,,,,,,2026-09-28,Por validar,,,,
1,B · CORAZÓN,Pincho,Capa 1,RAÍZ LATINA HECHA EN USA,(vacía),← asignada,Encontrado sin email · pendiente verificar buzón,Brand Access 15K / Experience 30K,1.500 - 3.000,,"Miami, FL",pincho.com,Otto Othman,Co-Founder & Chief Executive Officer,,https://www.linkedin.com/in/ottoothman,Nedal Ahmad,Co-Founder & Chief Culinary Officer,,https://www.linkedin.com/in/nedalahmad,,,,,,,,2026-09-28,Por validar,,,,
1,B · CORAZÓN,Porto's Bakery,Capa 1,RAÍZ LATINA HECHA EN USA,Capa 1,,Encontrado sin email · pendiente verificar buzón,Brand Access 15K / Experience 30K,1.500 - 3.000,,"Glendale, CA",portosbakery.com,Raul Porto Jr.,President & Owner,,https://www.linkedin.com/in/raul-porto-portos,Margarita Porto,Co-Owner & Director,,https://www.linkedin.com/in/margarita-porto-portos,,,,,,,,2026-09-28,Por validar,,,La fila de clientes en Porto's demuestra que la pasión y la receta familiar de Rosa Porto crearon un fenómeno gastronómico en California.,
1,B · CORAZÓN,Related Group,Capa 1,RAÍZ LATINA HECHA EN USA,Capa 1,,Encontrado sin email · pendiente verificar buzón,Brand Access 15K / Experience 30K,1.500 - 3.000,,"Miami, FL",relatedgroup.com,Jon Paul Perez,President,,https://www.linkedin.com/in/jon-paul-perez-related,Jorge M. Perez,Chairman & Chief Executive Officer,,https://www.linkedin.com/in/jorge-m-perez-related,,,,,,,,2026-09-28,Por validar,,,Es una inspiración ver cómo Related Group ha redefinido el horizonte urbano y cultural de Miami integrando arte y arquitectura de clase mundial.,
1,B · CORAZÓN,Sedano's Supermarkets,Capa 1,RAÍZ LATINA HECHA EN USA,(vacía),← asignada,Encontrado sin email · pendiente verificar buzón,Brand Access 15K / Experience 30K,1.500 - 3.000,,"Hialeah, FL",sedanos.com,Pedro Herran,Director of Marketing,,https://www.linkedin.com/in/pedro-herran-sedanos,Jose Herran Jr.,Chief Executive Officer,,https://www.linkedin.com/in/jose-herran-sedanos,,,,,,,,2026-09-28,Por validar,,,,
1,B · CORAZÓN,Sergio's Cuban Kitchen,Capa 1,RAÍZ LATINA HECHA EN USA,(vacía),← asignada,Encontrado sin email · pendiente verificar buzón,Brand Access 15K / Experience 30K,1.500 - 3.000,,"Miami, FL",sergios.com,Carlos Gazitua,President & Chief Executive Officer,,https://www.linkedin.com/in/carlos-gazitua,,,,,,,,,,,,2026-09-28,Por validar,,,,
1,B · CORAZÓN,Superior Grocers,Capa 1,RAÍZ LATINA HECHA EN USA,(vacía),← asignada,Encontrado sin email · pendiente verificar buzón,Brand Access 15K / Experience 30K,1.500 - 3.000,,"Santa Fe Springs, CA",superiorgrocers.com,Richard Wardwell,President & Chief Executive Officer,,https://www.linkedin.com/in/richard-wardwell-superior,Mimi Song,Founder & Chairwoman,,https://www.linkedin.com/in/mimi-song-superior,,,,,,,,2026-09-28,Por validar,,,,
1,B · CORAZÓN,Tampico Beverages,Capa 1,RAÍZ LATINA HECHA EN USA,(vacía),← asignada,Encontrado sin email · pendiente verificar buzón,Brand Access 15K / Experience 30K,1.500 - 3.000,,"Chicago, IL",tampico.com,Scott Miller,Chief Executive Officer,,https://www.linkedin.com/in/scott-miller-tampico,Perry Ellis,VP of Marketing,,https://www.linkedin.com/in/perry-ellis-tampico,,,,,,,,2026-09-28,Por validar,,,,
1,B · CORAZÓN,TelevisaUnivision,Capa 1,RAÍZ LATINA HECHA EN USA,Capa 1,,Encontrado sin email · pendiente verificar buzón,Brand Access 15K / Experience 30K,1.500 - 3.000,,"Miami, FL",televisaunivision.com,Daniel Alegre,Chief Executive Officer,,https://www.linkedin.com/in/daniel-alegre-tu,Pierluigi Gazzolo,Chief Streaming Officer ViX,,https://www.linkedin.com/in/pierluigi-gazzolo,,,,,,,,2026-09-28,Por validar,,,Impresionante el despliegue y crecimiento de ViX consolidando el ecosistema de contenidos en español más influyente del planeta.,
1,B · CORAZÓN,U.S. Century Bank,Capa 1,RAÍZ LATINA HECHA EN USA,Capa 1,,Encontrado sin email · pendiente verificar buzón,Brand Access 15K / Experience 30K,1.500 - 3.000,,"Doral / Miami, FL",uscentury.com,Luis de la Aguilera,President & Chief Executive Officer,,https://www.linkedin.com/in/luis-de-la-aguilera-4a815a13,Martha Guerra-Kattar,Executive VP & Marketing Director,,https://www.linkedin.com/in/martha-guerra-kattar-b65a519,,,,,,,,2026-09-28,Por validar,,,Felicidades por su cotización en NASDAQ y el liderazgo continuo impulsando el financiamiento de pequeños y medianos negocios en Miami-Dade.,
1,B · CORAZÓN,V&E Hospitality,Capa 1,RAÍZ LATINA HECHA EN USA,(vacía),← asignada,Encontrado sin email · pendiente verificar buzón,Brand Access 15K / Experience 30K,1.500 - 3.000,,"Miami Beach, FL",vehospitality.com,Matias Pesce,Chief Executive Officer & Co-Owner,,https://www.linkedin.com/in/matiaspesce,Eduardo Araoz,Managing Partner & Co-Owner,,https://www.linkedin.com/in/eduardo-araoz-ve,,,,,,,,2026-09-28,Por validar,,,,
1,B · CORAZÓN,Vallarta Supermarkets,Capa 1,RAÍZ LATINA HECHA EN USA,(vacía),← asignada,Encontrado sin email · pendiente verificar buzón,Brand Access 15K / Experience 30K,1.500 - 3.000,,"Sylmar, CA",vallartasupermarkets.com,Lizette Gomez,Director of Marketing,,https://www.linkedin.com/in/lizette-gomez-vallarta,Cesar Gonzalez,Chief Operating Officer,,https://www.linkedin.com/in/cesar-gonzalez-vallarta,,,,,,,,2026-09-28,Por validar,,,,
1,B · CORAZÓN,Versailles Restaurant,Capa 1,RAÍZ LATINA HECHA EN USA,Capa 1,,Encontrado sin email · pendiente verificar buzón,Brand Access 15K / Experience 30K,1.500 - 3.000,,"Little Havana / Miami, FL",versaillesrestaurant.com,Felipe Valls Jr.,President & Owner,,https://www.linkedin.com/in/felipe-valls-jr,Nicole Valls,Vice President of Operations & PR,,https://www.linkedin.com/in/nicole-valls-8b17b614,,,,,,,,2026-09-28,Por validar,,,"Versailles es el epicentro social, político y cultural indiscutible de la diáspora hispana y el lugar de encuentro obligado en Miami.",
1,B · CORAZÓN,Aeroméxico,Capa 2,CONEXIÓN MÉXICO · COLOMBIA · LATAM,Capa 2,,Encontrado sin email · pendiente verificar buzón,Brand Access 15K / Experience 30K,1.500 - 3.000,,"Miami, FL / Mexico City",aeromexico.com,Giancarlo Mulinelli,Senior VP Global Sales & North America Commercial,,https://www.linkedin.com/in/giancarlo-mulinelli-9b418012,Andrés Conesa,Chief Executive Officer,,https://www.linkedin.com/in/andres-conesa-aeromexico,,,,,,,,2026-09-28,Por validar,,,Excelente la continua apertura de nuevas rutas conjuntas con Delta fortaleciendo los lazos de negocios entre México y Estados Unidos.,
1,B · CORAZÓN,Alicorp USA,Capa 2,CONEXIÓN MÉXICO · COLOMBIA · LATAM,(vacía),← asignada,Encontrado sin email · pendiente verificar buzón,Brand Access 15K / Experience 30K,1.500 - 3.000,,Lima / Florida Commercial,alicorp.com.pe,Alfredo Perez Gubbins,Former Chief Executive Officer / Advisor,,https://www.linkedin.com/in/alfredo-perez-gubbins,Patricio Jaramillo,Vice President Consumer Goods International,,https://www.linkedin.com/in/patricio-jaramillo-alicorp,,,,,,,,2026-09-28,Por validar,,,,
1,B · CORAZÓN,Arcor USA,Capa 2,CONEXIÓN MÉXICO · COLOMBIA · LATAM,(vacía),← asignada,Encontrado sin email · pendiente verificar buzón,Brand Access 15K / Experience 30K,1.500 - 3.000,,"Miami, FL (US Office)",arcor.com,Marcelo Siano,President Arcor North America,,https://www.linkedin.com/in/marcelo-siano-arcor,Luis Pagani,President & Shareholder Grupo Arcor,,https://www.linkedin.com/in/luis-pagani-arcor,,,,,,,,2026-09-28,Por validar,,,,
1,B · CORAZÓN,Argos USA,Capa 2,CONEXIÓN MÉXICO · COLOMBIA · LATAM,Capa 2,,Encontrado sin email · pendiente verificar buzón,Brand Access 15K / Experience 30K,1.500 - 3.000,,"Alpharetta, GA / Florida Hubs",argos-us.com,Bill Wagner,President Argos USA,,https://www.linkedin.com/in/bill-wagner-argos,Juan Esteban Calle,CEO Cementos Argos,,https://www.linkedin.com/in/juan-esteban-calle-argos,,,,,,,,2026-09-28,Por validar,,,Magistral la combinación de operaciones con Summit Materials creando una de las plataformas de materiales de construcción más potentes de USA.,
1,B · CORAZÓN,Avianca Airlines,Capa 2,CONEXIÓN MÉXICO · COLOMBIA · LATAM,Capa 2,,Encontrado sin email · pendiente verificar buzón,Brand Access 15K / Experience 30K,1.500 - 3.000,,"Miami, FL / Bogota",avianca.com,Frederico Pedreira,Chief Executive Officer,,https://www.linkedin.com/in/frederico-pedreira-avianca,Rolando Damas,Director of Sales North America,,https://www.linkedin.com/in/rolando-damas-avianca,,,,,,,,2026-09-28,Por validar,,,Excelente noticia la consolidación de nuevas frecuencias y rutas directas conectando las principales ciudades de EE. UU. con Suramérica.,
1,B · CORAZÓN,Bancolombia,Capa 2,CONEXIÓN MÉXICO · COLOMBIA · LATAM,Capa 2,,Encontrado sin email · pendiente verificar buzón,Brand Access 15K / Experience 30K,1.500 - 3.000,,"Miami, FL (Brickell)",bancolombia.com,Juan Carlos Mora,Chief Executive Officer,,https://www.linkedin.com/in/juan-carlos-mora-bancolombia,Maria Cristina Arrastia,Executive VP Business,,https://www.linkedin.com/in/maria-cristina-arrastia,,,,,,,,2026-09-28,Por validar,,,Bancolombia es la institución financiera que acompaña el patrimonio y las transacciones estratégicas entre Colombia y Estados Unidos.,
1,B · CORAZÓN,Barcel USA (Takis),Capa 2,CONEXIÓN MÉXICO · COLOMBIA · LATAM,Capa 2,,Encontrado sin email · pendiente verificar buzón,Brand Access 15K / Experience 30K,1.500 - 3.000,,"Coppell, TX",barcel-usa.com,Sandra Peregrina,Marketing Director Barcel USA (Takis),,https://www.linkedin.com/in/sandra-peregrina-takis,Ruben Herrera,VP & General Manager Barcel USA,,https://www.linkedin.com/in/ruben-herrera-barcel,,,,,,,,2026-09-28,Por validar,,,"El fenómeno masivo de Takis Fuego conquistó a la Generación Z en EE. UU., convirtiéndose en el mayor caso de éxito de un snack mexicano en el mundo.",
1,B · CORAZÓN,Becle (1800 Tequila),Capa 2,CONEXIÓN MÉXICO · COLOMBIA · LATAM,Capa 2,,Encontrado sin email · pendiente verificar buzón,Brand Access 15K / Experience 30K,1.500 - 3.000,,"Jersey City, NJ / Coral Gables",proximospirits.com,Juan Domingo Beckmann,Chief Executive Officer Becle,,https://www.linkedin.com/in/juan-domingo-beckmann,Michael Cockram,VP Marketing Proximo Spirits USA,,https://www.linkedin.com/in/michael-cockram-proximo,,,,,,,,2026-09-28,Por validar,,,1800 Tequila y Gran Centenario son la máxima expresión del arte tequilero mexicano compitiendo y ganando en el segmento ultra-premium en USA.,
1,B · CORAZÓN,Bitso,Capa 2,CONEXIÓN MÉXICO · COLOMBIA · LATAM,Capa 2,,Encontrado sin email · pendiente verificar buzón,Brand Access 15K / Experience 30K,1.500 - 3.000,,Mexico / Miami Hub,bitso.com,Daniel Vogel,Co-Founder & Chief Executive Officer,,https://www.linkedin.com/in/danvogel,Bárbara González Briseño,CEO Bitso US & Head of International,,https://www.linkedin.com/in/barbaragonzalezb,,,,,,,,2026-09-28,Por validar,,,Bitso procesa miles de millones de dólares en pagos transfronterizos entre EE. UU. y México reduciendo costos y tiempos para nuestros doers.,
1,B · CORAZÓN,CMI Alimentos,Capa 2,CONEXIÓN MÉXICO · COLOMBIA · LATAM,Capa 2,,Encontrado sin email · pendiente verificar buzón,Brand Access 15K / Experience 30K,1.500 - 3.000,,"Dallas, TX / Miami Commercial",campero.com,Luis Javier Rodas,Managing Director & CEO Pollo Campero USA,,https://www.linkedin.com/in/luis-javier-rodas-campero,Federico Valiente,Director of Marketing USA,,https://www.linkedin.com/in/federico-valiente-campero,,,,,,,,2026-09-28,Por validar,,,CMI es uno de los conglomerados agroindustriales más admirados de América Latina impulsando el desarrollo sostenible y la nutrición regional.,
1,B · CORAZÓN,Cemex USA,Capa 2,CONEXIÓN MÉXICO · COLOMBIA · LATAM,(vacía),← asignada,Encontrado sin email · pendiente verificar buzón,Brand Access 15K / Experience 30K,1.500 - 3.000,,"Houston, TX / Florida Operations",cemexusa.com,Jaime Muguiro,President Cemex USA,,https://www.linkedin.com/in/jaime-muguiro-cemex,Fernando González Olivieri,Chief Executive Officer Cemex,,https://www.linkedin.com/in/fernando-gonzalez-cemex,,,,,,,,2026-09-28,Por validar,,,,
1,B · CORAZÓN,Chedraui USA,Capa 2,CONEXIÓN MÉXICO · COLOMBIA · LATAM,Capa 2,,Encontrado sin email · pendiente verificar buzón,Brand Access 15K / Experience 30K,1.500 - 3.000,,"Commerce, CA",chedrauiusa.com,Carlos Smith,Chief Executive Officer Chedraui USA,,https://www.linkedin.com/in/carlos-smith-chedraui,Antonio Chedraui Eguía,CEO Grupo Comercial Chedraui,,https://www.linkedin.com/in/antonio-chedraui-grupo,,,,,,,,2026-09-28,Por validar,,,Magistral la integración y expansión de Smart & Final y El Super consolidando más de 370 tiendas en el suroeste de EE. UU.,
1,B · CORAZÓN,Cinépolis USA,Capa 2,CONEXIÓN MÉXICO · COLOMBIA · LATAM,(vacía),← asignada,Encontrado sin email · pendiente verificar buzón,Brand Access 15K / Experience 30K,1.500 - 3.000,,"Dallas, TX / Florida Theatres",cinepolisusa.com,Luis Blanco,Chief Executive Officer Cinépolis USA,,https://www.linkedin.com/in/luis-blanco-cinepolis,Alejandro Ramírez Magaña,Chief Executive Officer Cinépolis Global,,https://www.linkedin.com/in/alejandro-ramirez-cinepolis,,,,,,,,2026-09-28,Por validar,,,,
1,B · CORAZÓN,City National Bank FL,Capa 2,CONEXIÓN MÉXICO · COLOMBIA · LATAM,Capa 2,,Encontrado sin email · pendiente verificar buzón,Brand Access 15K / Experience 30K,1.500 - 3.000,,"Miami, FL",citynational.com,Jorge Gonzalez,Vice Chairman & Chief Executive Officer,,https://www.linkedin.com/in/jorge-gonzalez-cnb,Eddie Serrano,Executive VP & Marketing Director,,https://www.linkedin.com/in/eddie-serrano-cnb,,,,,,,,2026-09-28,Por validar,,,"City National Bank of Florida, respaldado por Bci Chile, representa la consolidación bancaria más respetada y sólida del estado de Florida.",
1,B · CORAZÓN,Clip,Capa 2,CONEXIÓN MÉXICO · COLOMBIA · LATAM,(vacía),← asignada,Encontrado sin email · pendiente verificar buzón,Brand Access 15K / Experience 30K,1.500 - 3.000,,Mexico / Miami Office,clip.mx,Adolfo Babatz,Founder & Chief Executive Officer,,https://www.linkedin.com/in/adolfobabatz,,,,,,,,,,,,2026-09-28,Por validar,,,,
1,B · CORAZÓN,Despegar / Decolar,Capa 2,CONEXIÓN MÉXICO · COLOMBIA · LATAM,(vacía),← asignada,Encontrado sin email · pendiente verificar buzón,Brand Access 15K / Experience 30K,1.500 - 3.000,,"Miami, FL / Buenos Aires",despegar.com,Damián Scokin,Chief Executive Officer,,https://www.linkedin.com/in/damian-scokin,Gonzalo Estebarena,Chief Commercial Officer,,https://www.linkedin.com/in/gonzaloestebarena,,,,,,,,2026-09-28,Por validar,,,,
1,B · CORAZÓN,Embraer North America,Capa 2,CONEXIÓN MÉXICO · COLOMBIA · LATAM,Capa 2,,Encontrado sin email · pendiente verificar buzón,Brand Access 15K / Experience 30K,1.500 - 3.000,,"Melbourne & Fort Lauderdale, FL",embraer.com,Michael Amalfitano,President & CEO Embraer Executive Jets,,https://www.linkedin.com/in/michael-amalfitano-embraer,Francisco Gomes Neto,President & CEO Embraer Global,,https://www.linkedin.com/in/francisco-gomes-neto-embraer,,,,,,,,2026-09-28,Por validar,,,Embraer es el mayor orgullo de ingeniería aeroespacial latinoamericana dominando la aviación ejecutiva y regional en Estados Unidos.,
1,B · CORAZÓN,Gruma (Mission Foods),Capa 2,CONEXIÓN MÉXICO · COLOMBIA · LATAM,Capa 2,,Encontrado sin email · pendiente verificar buzón,Brand Access 15K / Experience 30K,1.500 - 3.000,,"Irving, TX",missionfoods.com,Sathish Mohanraju,VP of Marketing & Customer Development,,https://www.linkedin.com/in/sathish-mohanraju-34b7307,Juan Gonzalez Moreno,Chairman & Chief Executive Officer Gruma,,https://www.linkedin.com/in/juan-gonzalez-gruma,,,,,,,,2026-09-28,Por validar,,,Mission Foods es el ejemplo más contundente de una multinacional nacida en México que conquistó las mesas de todo Estados Unidos.,
1,B · CORAZÓN,Grupo Bimbo,Capa 2,CONEXIÓN MÉXICO · COLOMBIA · LATAM,Capa 2,,Encontrado sin email · pendiente verificar buzón,Brand Access 15K / Experience 30K,1.500 - 3.000,,"Horsham, PA",bimbobakeriesusa.com,Leslie Vesper,Senior Vice President of Marketing,,https://www.linkedin.com/in/leslie-vesper-68736811,Greg Koehrsen,President Bimbo Bakeries USA,,https://www.linkedin.com/in/greg-koehrsen,,,,,,,,2026-09-28,Por validar,,,Admiro cómo Bimbo consolidó el liderazgo en panificación en EE. UU. manteniendo sus marcas con profunda identidad latina en cada hogar.,
1,B · CORAZÓN,Grupo Lala,Capa 2,CONEXIÓN MÉXICO · COLOMBIA · LATAM,(vacía),← asignada,Encontrado sin email · pendiente verificar buzón,Brand Access 15K / Experience 30K,1.500 - 3.000,,"Dallas, TX",lalafoods.com,Leonor Slim,"Chief Executive Officer at LALA U.S., Inc.",,https://www.linkedin.com/in/leonor-slim-99358a1a6,Francisco Camacho,Chief Executive Officer Grupo Lala,,https://mx.linkedin.com/in/pacocamacho,,,,,,,,2026-09-28,Por validar,,,,
1,B · CORAZÓN,Grupo Xcaret,Capa 2,CONEXIÓN MÉXICO · COLOMBIA · LATAM,(vacía),← asignada,Encontrado sin email · pendiente verificar buzón,Brand Access 15K / Experience 30K,1.500 - 3.000,,Cancun / Miami Commercial,xcaret.com,Lizeth Álvarez Gorosave,Chief Commercial Officer,,https://www.linkedin.com/in/lizeth-alvarez-gorosave,Miguel Quintana Pali,Founder & Chief Executive Officer,,https://www.linkedin.com/in/miguel-quintana-pali,,,,,,,,2026-09-28,Por validar,,,,
1,B · CORAZÓN,José Cuervo (Proximo),Capa 2,CONEXIÓN MÉXICO · COLOMBIA · LATAM,Capa 2,,Encontrado sin email · pendiente verificar buzón,Brand Access 15K / Experience 30K,1.500 - 3.000,,"Jersey City, NJ / Miami",cuervo.com,Lander Otegui,Senior VP of Marketing Proximo Spirits,,https://www.linkedin.com/in/lander-otegui-proximo,,,,,,,,,,,,2026-09-28,Por validar,,,Cuervo es la referencia histórica del tequila mexicano que abrió el camino a la mayor categoría de destilados en Estados Unidos.,
1,B · CORAZÓN,Mercado Libre,Capa 2,CONEXIÓN MÉXICO · COLOMBIA · LATAM,Capa 2,,Encontrado sin email · pendiente verificar buzón,Brand Access 15K / Experience 30K,1.500 - 3.000,,"Miami, FL (US Hub)",mercadolibre.com,Sean Summers,Executive VP & Chief Marketing Officer,,https://uy.linkedin.com/in/sean-summers-870363,Mariano Migues,Head of US Business Development & Miami Office Lead,,https://www.linkedin.com/in/mariano-migues,,,,,,,,2026-09-28,Contactado (Toque 1),2026-10-01,2026-10-07,Mercado Libre es el mayor orgullo tecnológico de América Latina; su impacto democratizando el comercio y los pagos es histórico.,
1,B · CORAZÓN,Natura & Co,Capa 2,CONEXIÓN MÉXICO · COLOMBIA · LATAM,(vacía),← asignada,Encontrado sin email · pendiente verificar buzón,Brand Access 15K / Experience 30K,1.500 - 3.000,,Sao Paulo / New York Office,naturaeco.com,Fábio Barbosa,Chief Executive Officer,,https://www.linkedin.com/in/fabio-barbosa-natura,David Boynton,Executive Director North America,,https://www.linkedin.com/in/david-boynton-natura,,,,,,,,2026-09-28,Por validar,,,,
1,B · CORAZÓN,Platzi,Capa 2,CONEXIÓN MÉXICO · COLOMBIA · LATAM,Capa 2,,Encontrado sin email · pendiente verificar buzón,Brand Access 15K / Experience 30K,1.500 - 3.000,,"San Francisco, CA / Bogota",platzi.com,Freddy Vega,Founder & Chief Executive Officer,,https://www.linkedin.com/in/freddyvega,Christian Van Der Henst,Co-Founder & President,,https://www.linkedin.com/in/cvander,,,,,,,,2026-09-28,Por validar,,,Platzi ha transformado la vida de millones de estudiantes nunca parando de aprender y convirtiendo a Latinoamérica en potencia tecnológica.,
1,B · CORAZÓN,Rappi,Capa 2,CONEXIÓN MÉXICO · COLOMBIA · LATAM,(vacía),← asignada,Encontrado sin email · pendiente verificar buzón,Brand Access 15K / Experience 30K,1.500 - 3.000,,"Miami, FL / Bogota",rappi.com,Simón Borrero,Co-Founder & Chief Executive Officer,,https://www.linkedin.com/in/simon-borrero,Sebastián Mejía,Co-Founder & President,,https://www.linkedin.com/in/sebastianmejia,,,,,,,,2026-09-28,Por validar,,,,
1,B · CORAZÓN,Servientrega Intl.,Capa 2,CONEXIÓN MÉXICO · COLOMBIA · LATAM,Capa 2,,Encontrado sin email · pendiente verificar buzón,Brand Access 15K / Experience 30K,1.500 - 3.000,,"Miami (Doral), FL",servientregainternational.com,Luz Mary Guerrero Hernandez,President & Shareholder,,https://www.linkedin.com/in/luz-mary-guerrero-servientrega,Jesús Guerrero Hernández,Founder,,https://www.linkedin.com/in/jesus-guerrero-servientrega,,,,,,,,2026-09-28,Por validar,,,Una historia legendaria de doers de cómo Jesús Guerrero empezó en bicicleta y construyó el imperio logístico verde de entrega en Colombia y USA.,
1,B · CORAZÓN,Tecnoglass,Capa 2,CONEXIÓN MÉXICO · COLOMBIA · LATAM,Capa 2,,Encontrado sin email · pendiente verificar buzón,Brand Access 15K / Experience 30K,1.500 - 3.000,,"Miami, FL (Global HQ)",tecnoglass.com,Christian Daes,Chief Operating Officer & Co-Founder,,https://www.linkedin.com/in/christian-daes,José Manuel Daes,Chief Executive Officer & Co-Founder,,https://www.linkedin.com/in/jose-manuel-daes,,,,,,,,2026-09-28,Por validar,,,Orgullo colombo-estadounidense ver a Tecnoglass cotizar en el NYSE e instalar las ventanas de los rascacielos más emblemáticos de Miami.,
1,B · CORAZÓN,Tequila Don Julio,Capa 2,CONEXIÓN MÉXICO · COLOMBIA · LATAM,Capa 2,,Encontrado sin email · pendiente verificar buzón,Brand Access 15K / Experience 30K,1.500 - 3.000,,"Coral Gables, FL (Diageo HQ)",donjulio.com,Christina Choi,Senior Vice President Tequila North America,,https://www.linkedin.com/in/christina-choi-tequila,Catalina Muñoz,Global Brand Director Tequila Don Julio,,https://www.linkedin.com/in/catalinamunoz-donjulio,,,,,,,,2026-09-28,Por validar,,,Don Julio 1942 redefinió la cultura nocturna y las celebraciones en Estados Unidos posicionando el lujo mexicano en la cima mundial.,
1,B · CORAZÓN,Tequila Patrón,Capa 2,CONEXIÓN MÉXICO · COLOMBIA · LATAM,Capa 2,,Encontrado sin email · pendiente verificar buzón,Brand Access 15K / Experience 30K,1.500 - 3.000,,"Coral Gables, FL (Bacardi HQ)",patrontequila.com,Mauricio Vergara,President Patrón Tequila,,https://www.linkedin.com/in/mauricio-vergara-patron,Kathy Parker,Global Brand President Patrón & Grey Goose,,https://www.linkedin.com/in/kathy-parker-patron,,,,,,,,2026-09-28,Por validar,,,Patrón demostró que la devoción por la producción artesanal en Los Altos de Jalisco podía crear una de las marcas más valiosas del planeta.,
1,B · CORAZÓN,Ualá,Capa 2,CONEXIÓN MÉXICO · COLOMBIA · LATAM,(vacía),← asignada,Encontrado sin email · pendiente verificar buzón,Brand Access 15K / Experience 30K,1.500 - 3.000,,Buenos Aires / US Investors,uala.com.ar,Pierpaolo Barbieri,Founder & Chief Executive Officer,,https://www.linkedin.com/in/pierpaolobarbieri,,,,,,,,,,,,2026-09-28,Por validar,,,,
2,C · ECOSISTEMA,Accenture,Capa 4,PATROCINADORES DE CRECIMIENTO LATINO,Capa 2,← CORREGIDA,Contacto encontrado · falta verificar,Brand Access 15K / Experience 30K,1.500 - 3.000,,"Miami, FL / New York, NY",https://www.accenture.com,Jennifer (Pineda) Bodnar,Managing Director & CMO Lead,jennifer.bodnar@accenture.com,https://www.linkedin.com/in/jenniferbodnar,Jill Kramer,Chief Marketing and Communications Officer,jill.kramer@accenture.com,https://www.linkedin.com/in/jill-kramer-b4526b1,Julie Sweet,Chair and Chief Executive Officer,julie.sweet@accenture.com,https://www.linkedin.com/in/juliesweet,,,,,Por validar,,,Destacamos la campaña global de reinvención total de Accenture y su fuerte impulso al liderazgo tecnológico de comunidades hispanas en el sur de la Florida.,
2,C · ECOSISTEMA,Deloitte US,Capa 4,PATROCINADORES DE CRECIMIENTO LATINO,Capa 2,← CORREGIDA,Contacto encontrado · falta verificar,Brand Access 15K / Experience 30K,1.500 - 3.000,,"New York, NY / Miami, FL",https://www.deloitte.com,Scott Mager,US Chief Marketing Officer & Principal,smager@deloitte.com,https://www.linkedin.com/in/scottmager,Kwasi Mitchell,Chief Purpose & Diversity Officer,kwmitchell@deloitte.com,https://www.linkedin.com/in/kwasi-mitchell-060424,Dan Helfrich,Chair & Chief Executive Officer Deloitte Consulting US,dhelfrich@deloitte.com,https://www.linkedin.com/in/dan-helfrich-381a17,,,,,Contactado (Toque 2),2026-09-29,2026-10-05,Admiramos la iniciativa de Deloitte sobre inclusión multicultural y liderazgo de propósito como referente en la transformación organizacional de Norteamérica.,
2,C · ECOSISTEMA,Ernst & Young (EY),Capa 4,PATROCINADORES DE CRECIMIENTO LATINO,Capa 2,← CORREGIDA,Contacto encontrado · falta verificar,Brand Access 15K / Experience 30K,1.500 - 3.000,,"New York, NY / Miami, FL",https://www.ey.com,Jim Klessel,Partner & Commercial Growth Leader,jim.klessel@ey.com,https://www.linkedin.com/in/jim-klessel-45027543,Leslie Patterson,Americas Diversity & Inclusiveness Officer,leslie.patterson@ey.com,https://www.linkedin.com/in/leslie-patterson-ey,Janet Truncale,Global Chair and CEO,janet.truncale@ey.com,https://www.linkedin.com/in/janet-truncale,,,,,Por validar,,,Reconocemos la trayectoria de EY impulsando el EY Entrepreneur of the Year y su compromiso constante con fundadores de alto impacto en Estados Unidos.,
2,C · ECOSISTEMA,Intuit (QuickBooks / TurboTax / Mailchimp),Capa 4,PATROCINADORES DE CRECIMIENTO LATINO,Capa 2,← CORREGIDA,Contacto encontrado · falta verificar,Brand Access 15K / Experience 30K,1.500 - 3.000,,"Mountain View, CA / Florida Offices",https://www.intuit.com,Thomas Ranese,Chief Marketing Officer,thomas_ranese@intuit.com,https://www.linkedin.com/in/thomasranese,Sasan Goodarzi,Chief Executive Officer,sasan_goodarzi@intuit.com,https://www.linkedin.com/in/sasan-goodarzi,Marianna Tessel,Executive VP Small Business & Self-Employed Group,marianna_tessel@intuit.com,https://www.linkedin.com/in/mariannatessel,,,,,Contactado (Toque 2),2026-09-29,2026-10-05,Agradecemos profundamente el papel de QuickBooks e Intuit democratizando herramientas contables e impositivas para miles de emprendedores hispanos.,
2,C · ECOSISTEMA,PwC US,Capa 4,PATROCINADORES DE CRECIMIENTO LATINO,Capa 2,← CORREGIDA,Contacto encontrado · falta verificar,Brand Access 15K / Experience 30K,1.500 - 3.000,,"New York, NY / Miami, FL",https://www.pwc.com,Antonia Wade,Global Chief Marketing Officer,antonia.wade@pwc.com,https://uk.linkedin.com/in/antonia-wade-5859464,Shannon Schuyler,Chief Purpose & Inclusion Officer,shannon.schuyler@pwc.com,https://www.linkedin.com/in/shannonschuyler,Paul Griggs,US Senior Partner & Chief Executive,paul.griggs@pwc.com,https://www.linkedin.com/in/paul-griggs-pwc,,,,,Contactado (Toque 2),2026-09-29,2026-10-05,Seguimos de cerca el reporte de PwC sobre competitividad de talento hispano y su visión de confianza en la era de la inteligencia artificial.,
2,C · ECOSISTEMA,Workday,Capa 4,PATROCINADORES DE CRECIMIENTO LATINO,Capa 2,← CORREGIDA,Contacto encontrado · falta verificar,Brand Access 15K / Experience 30K,1.500 - 3.000,,"Pleasanton, CA / Miami Regional Hub",https://www.workday.com,Emma Chalwin,Chief Marketing Officer,emma.chalwin@workday.com,https://www.linkedin.com/in/emmachalwin,Karen Park Jones,VP Marketing Global Ecosystem,karen.jones@workday.com,https://www.linkedin.com/in/karenparkjones,Carl Eschenbach,Chief Executive Officer,carl.eschenbach@workday.com,https://www.linkedin.com/in/carl-eschenbach,,,,,Contactado (Toque 2),2026-09-29,2026-10-05,Seguimos de cerca el rol de Workday impulsando la innovación en la gestión de capital humano y ERP en la nube para empresas globales.,
2,C · ECOSISTEMA,Adobe Inc.,Capa 4,PATROCINADORES DE CRECIMIENTO LATINO,Capa 4,,Encontrado sin email · pendiente verificar buzón,Brand Access 15K / Experience 30K,1.500 - 3.000,,"San Jose, CA / Florida Hub",adobe.com,Heather Freeland,Chief Brand Officer,,https://www.linkedin.com/in/heatherfreeland,Shantanu Narayen,Chairman & Chief Executive Officer,,https://www.linkedin.com/in/shantanunarayen,,,,,,,,2026-09-28,Por validar,,,Adobe Firefly y Creative Cloud están democratizando las herramientas de diseño e innovación para la nueva generación de creadores latinos.,
2,C · ECOSISTEMA,American Express Company,Capa 4,PATROCINADORES DE CRECIMIENTO LATINO,Capa 4,,Encontrado sin email · pendiente verificar buzón,Brand Access 15K / Experience 30K,1.500 - 3.000,,"New York, NY / Sunrise & Miami, FL",americanexpress.com,Elizabeth Rutledge,Chief Marketing Officer,,https://www.linkedin.com/in/elizabeth-rutledge-amex,Stephen Squeri,Chairman & Chief Executive Officer,,https://www.linkedin.com/in/stephen-squeri-amex,,,,,,,,2026-09-28,Contactado (Toque 1),2026-09-30,2026-10-06,Su iniciativa 'Shop Small' y el respaldo crediticio a negocios fundados por minorías han sido vitales para los emprendedores en Miami.,
2,C · ECOSISTEMA,"Block, Inc. (Square / Cash App)",Capa 4,PATROCINADORES DE CRECIMIENTO LATINO,Capa 4,,Encontrado sin email · pendiente verificar buzón,Brand Access 15K / Experience 30K,1.500 - 3.000,,"San Francisco, CA / Miami Market",block.xyz,Jessica Cook,Head of Marketing International GTM,,https://au.linkedin.com/in/jesscook,Saumil Mehta,Head of Square,,https://www.linkedin.com/in/saumil-mehta,Jack Dorsey,Block Head & Founder,,https://www.linkedin.com/in/jack-dorsey,,,,2026-09-28,Por validar,,,"Square y Cash App han eliminado la fricción bancaria para miles de microempresarios hispanos, acelerando la inclusión financiera.",
2,C · ECOSISTEMA,Google (Alphabet Inc.),Capa 4,PATROCINADORES DE CRECIMIENTO LATINO,Capa 4,,Encontrado sin email · pendiente verificar buzón,Brand Access 15K / Experience 30K,1.500 - 3.000,,"Mountain View, CA / Miami Hub",google.com,Lorraine Twohill,Chief Marketing Officer,,https://www.linkedin.com/in/lorrainetwohill,Sundar Pichai,Chief Executive Officer,,https://www.linkedin.com/in/sundarpichai,,,,,,,,2026-09-28,Por validar,,,La iniciativa 'Google for Latino Founders Fund' y sus herramientas de IA están catapultando la productividad de nuestras empresas.,
2,C · ECOSISTEMA,Meta Platforms (Instagram / WhatsApp),Capa 4,PATROCINADORES DE CRECIMIENTO LATINO,Capa 4,,Encontrado sin email · pendiente verificar buzón,Brand Access 15K / Experience 30K,1.500 - 3.000,,"Menlo Park, CA / Miami Hub",meta.com,Rachael Guana,Head of Marketing,,https://www.linkedin.com/in/rachaelguana,Maren Lau,Regional VP Latin America,,https://www.linkedin.com/in/maren-lau-meta,,,,,,,,2026-09-28,Por validar,,,WhatsApp Business e Instagram son los motores absolutos de ventas y comunicación de millones de negocios hispanos en EE. UU.,
2,C · ECOSISTEMA,"Salesforce, Inc.",Capa 4,PATROCINADORES DE CRECIMIENTO LATINO,Capa 4,,Encontrado sin email · pendiente verificar buzón,Brand Access 15K / Experience 30K,1.500 - 3.000,,"San Francisco, CA / Miami LatAm Hub",salesforce.com,Ariel Kelman,President & Chief Marketing Officer,,https://www.linkedin.com/in/ariel-kelman,Guido Sambiocca,Senior VP Latin America & Florida Enterprise,,https://www.linkedin.com/in/guidosambiocca,Marc Benioff,Chair and Chief Executive Officer,,https://www.linkedin.com/in/marcbenioff,,,,2026-09-28,Por validar,,,Agentforce y Salesforce CRM están redefiniendo cómo las empresas hispanas automatizan su relación con clientes y escalan ventas.,
2,C · ECOSISTEMA,Shopify Inc.,Capa 4,PATROCINADORES DE CRECIMIENTO LATINO,Capa 4,,Encontrado sin email · pendiente verificar buzón,Brand Access 15K / Experience 30K,1.500 - 3.000,,"Ottawa, ON / US Remote & Miami Hub",shopify.com,Harley Finkelstein,President,,https://www.linkedin.com/in/harleyf,Tobi Lütke,Founder & Chief Executive Officer,,https://www.linkedin.com/in/tobiaslutke,,,,,,,,2026-09-28,Contactado (Toque 1),2026-09-30,2026-10-06,Shopify es la plataforma sobre la que miles de marcas latinas independientes han levantado negocios millonarios desde casa.,
2,C · ECOSISTEMA,Visa Inc.,Capa 4,PATROCINADORES DE CRECIMIENTO LATINO,Capa 4,,Encontrado sin email · pendiente verificar buzón,Brand Access 15K / Experience 30K,1.500 - 3.000,,"Miami, FL (Regional HQ LAC)",visa.com,Luciana Resende Lotze,Senior VP & Head of Marketing Latin America & Caribbean,,https://www.linkedin.com/in/lucianaresende,Eduardo Coello,Regional President Visa Latin America & Caribbean,,https://www.linkedin.com/in/eduardo-coello-visa,Ryan McInerney,Chief Executive Officer,,https://www.linkedin.com/in/ryan-mcinerney,,,,2026-09-28,Contactado (Toque 1),2026-09-30,2026-10-06,La iniciativa 'Visa She's Next' y su liderazgo en pagos transfronterizos potencian a miles de dueños de negocios en Florida y la región.,
3,A · ANCLAS,AT&T Inc,Capa 3,MARCAS AMERICANAS CON BUDGET HISPANO,Capa 1,← CORREGIDA,Contacto encontrado · falta verificar,Authority 50K / Signature 75K / Presenting 100K,5.000 - 10.000,,"Dallas, TX / South Florida Network Hub",https://www.att.com,Kellyn Smith Kenny,Chief Marketing & Growth Officer,kellyn.kenny@att.com,https://www.linkedin.com/in/kellyn,John Starkweather,AVP Advertising & Digital Marketing,john.starkweather@att.com,https://www.linkedin.com/in/johnstarkweather,John Stankey,Chief Executive Officer,john.stankey@att.com,https://www.linkedin.com/in/john-stankey-att,,,,,Por validar,,,Destacamos el compromiso de AT&T con el programa Connected Learning cerrando la brecha digital de estudiantes y emprendedores latinos.,
3,A · ANCLAS,American Airlines,Capa 3,MARCAS AMERICANAS CON BUDGET HISPANO,Capa 1,← CORREGIDA,Contacto encontrado · falta verificar,Authority 50K / Signature 75K / Presenting 100K,5.000 - 10.000,,"Fort Worth, TX / Miami Hub (MIA)",https://www.aa.com,Ron DeFeo,Chief Communications & Marketing Officer,ron.defeo@aa.com,https://www.linkedin.com/in/rondefeo,Juan Carlos Liscano,Vice President Miami Hub Operations,juancarlos.liscano@aa.com,https://www.linkedin.com/in/juan-carlos-liscano-aa,Robert Isom,Chief Executive Officer,robert.isom@aa.com,https://www.linkedin.com/in/robert-isom-aa,,,,,Contactado (Toque 1),2026-09-30,2026-10-06,Valoramos enormemente el rol neurálgico de American Airlines y su hub en MIA como el gran puente de conectividad entre Estados Unidos y Latinoamérica.,
3,A · ANCLAS,Best Buy Co,Capa 3,MARCAS AMERICANAS CON BUDGET HISPANO,Capa 2,← CORREGIDA,Contacto encontrado · falta verificar,Authority 50K / Signature 75K / Presenting 100K,5.000 - 10.000,,"Richfield, MN / Miami Locations",https://www.bestbuy.com,Jennie Weber,Chief Marketing Officer,jennie.weber@bestbuy.com,https://www.linkedin.com/in/jennie-weber,Marty Senn,SVP & Chief Marketing Officer Brand,marty.senn@bestbuy.com,https://www.linkedin.com/in/marty-senn-7993a87,Corie Barry,Chief Executive Officer,corie.barry@bestbuy.com,https://www.linkedin.com/in/corie-barry,,,,,Contactado (Toque 2),2026-09-29,2026-10-05,Destacamos la estrategia de Best Buy integrando asesoría experta y tecnología para potenciar la productividad de hogares y empresas.,
3,A · ANCLAS,Burger King (Restaurant Brands International),Capa 3,MARCAS AMERICANAS CON BUDGET HISPANO,Capa 3,,Contacto encontrado · falta verificar,Authority 50K / Signature 75K / Presenting 100K,5.000 - 10.000,,"Miami, FL (Global HQ)",https://www.bk.com,Tom Curtis,President Burger King US & Canada,tcurtis@rbi.com,https://www.linkedin.com/in/tom-curtis-43646018,Guillermo Memo Hermosillo Cue,Chief Marketing Officer Burger King / Popeyes LAC,ghermosillo@rbi.com,https://www.linkedin.com/in/memohermosillo,Josh Kobza,Chief Executive Officer RBI,jkobza@rbi.com,https://www.linkedin.com/in/josh-kobza-rbi,,,,,Contactado (Toque 2),2026-09-29,2026-10-05,Celebramos el enorme exito de la campana Reclaim the Flame de Burger King y su continuo arraigo corporativo desde su sede en Miami.,
3,A · ANCLAS,Carnival Cruise Line,Capa 3,MARCAS AMERICANAS CON BUDGET HISPANO,Capa 1,← CORREGIDA,Contacto encontrado · falta verificar,Authority 50K / Signature 75K / Presenting 100K,5.000 - 10.000,,"Doral / Miami, FL",https://www.carnival.com,Christine Duffy,President Carnival Cruise Line,cduffy@carnival.com,https://www.linkedin.com/in/christine-duffy-carnival,Arlene Brown,Sr. Director Guest Operations & Marketing Contact,abrown@carnival.com,https://www.linkedin.com/in/arlene-brown-84509b26,Josh Weinstein,CEO & Chief Climate Officer Carnival Corporation,jweinstein@carnival.com,https://www.linkedin.com/in/josh-weinstein-carnival,,,,,Contactado (Toque 2),2026-09-29,2026-10-05,Celebramos el liderazgo global de Carnival desde su sede en Miami y su continua innovación en experiencias de entretenimiento náutico familiar.,
3,A · ANCLAS,Charles Schwab,Capa 3,MARCAS AMERICANAS CON BUDGET HISPANO,Capa 2,← CORREGIDA,Contacto encontrado · falta verificar,Authority 50K / Signature 75K / Presenting 100K,5.000 - 10.000,,"Westlake, TX / Miami Branches",https://www.schwab.com,Lisa Ross,"Managing Director, Client Engagement Marketing",lisa.ross@schwab.com,https://www.linkedin.com/in/lisaross-marketing,Jonathan Craig,Managing Director & Head of Investor Services / CMO,jonathan.craig@schwab.com,https://www.linkedin.com/in/jonathan-craig-schwab,Walt Bettinger,Co-Chairman and CEO,walt.bettinger@schwab.com,https://www.linkedin.com/in/walt-bettinger,,,,,Contactado (Toque 2),2026-09-29,2026-10-05,Seguimos con gran interés la consolidación de Schwab como el pilar de asesoría fiduciaria y planeación financiera para ejecutivos de alto patrimonio.,
3,A · ANCLAS,Coca-Cola Beverages Florida (Coke Florida),Capa 3,MARCAS AMERICANAS CON BUDGET HISPANO,Capa 3,,Contacto encontrado · falta verificar,Authority 50K / Signature 75K / Presenting 100K,5.000 - 10.000,,"Tampa & Miami, FL",https://www.cocacolaflorida.com,Troy Taylor,Chairman & Chief Executive Officer,ttaylor@cocacolaflorida.com,https://www.linkedin.com/in/troy-taylor-coke,Reagan Calhoun,"Vice President, Chief of Staff to Chairman & CEO",rcalhoun@cocacolaflorida.com,https://www.linkedin.com/in/reagan-calhoun-197bb4109,Jeff Conry,President & Chief Operating Officer,jconry@cocacolaflorida.com,https://www.linkedin.com/in/jeff-conry,,,,,Contactado (Toque 2),2026-09-29,2026-10-05,Gran respeto por el liderazgo de Troy Taylor transformando a Coke Florida en uno de los embotelladores de mayor crecimiento e impacto en Norteamerica.,
3,A · ANCLAS,Colgate-Palmolive,Capa 3,MARCAS AMERICANAS CON BUDGET HISPANO,Capa 2,← CORREGIDA,Contacto encontrado · falta verificar,Authority 50K / Signature 75K / Presenting 100K,5.000 - 10.000,,"New York, NY / Miami LatAm HQ",https://www.colgatepalmolive.com,Carolina Incognito,VP Marketing Latin America & Multicultural,carolina_incognito@colpal.com,https://gt.linkedin.com/in/carolina-incognito-75805334,Ari Mandelbaum,VP Marketing & Commercial Innovation,ari_mandelbaum@colpal.com,https://mx.linkedin.com/in/mandel1979,Noel Wallace,"Chairman, President and CEO",noel_wallace@colpal.com,https://www.linkedin.com/in/noel-wallace-colgate,,,,,Contactado (Toque 2),2026-09-29,2026-10-05,Felicitaciones por la campaña continua de Colgate educando y promoviendo la salud y el bienestar en las comunidades más vulnerables de América.,
3,A · ANCLAS,Constellation Brands (Modelo / Corona USA),Capa 3,MARCAS AMERICANAS CON BUDGET HISPANO,Capa 3,,Contacto encontrado · falta verificar,Authority 50K / Signature 75K / Presenting 100K,5.000 - 10.000,,"Victor, NY / Chicago Beer Hub",https://www.cbrands.com,Jim Sabia,Executive VP & President Beer Division,jim.sabia@cbrands.com,https://www.linkedin.com/in/jim-sabia-2a5100132,John Linn,Director Brand Marketing Corona Innovation,john.linn@cbrands.com,https://www.linkedin.com/in/john-linn-685481161,Bill Newlands,President & Chief Executive Officer,bill.newlands@cbrands.com,https://www.linkedin.com/in/bill-newlands-cbrands,,,,,Contactado (Toque 2),2026-09-29,2026-10-05,Historico y ejemplar el logro de Modelo convirtiendose en la cerveza mas vendida de Estados Unidos gracias al espiritu inquebrantable de la comunidad hispana.,
3,A · ANCLAS,Delta Air Lines,Capa 3,MARCAS AMERICANAS CON BUDGET HISPANO,Capa 1,← CORREGIDA,Contacto encontrado · falta verificar,Authority 50K / Signature 75K / Presenting 100K,5.000 - 10.000,VENCIDO: Alicia Tillman salió de Delta; la reemplazó Ranjan Goswami. Re-enriquecer.,"Atlanta, GA / Miami Operations",https://www.delta.com,Alicia Tillman,Chief Marketing Officer,alicia.tillman@delta.com,https://www.linkedin.com/in/aliciatillman,Rodrigo Bértola,Director of Sales Hispanic & Latin America,rodrigo.bertola@delta.com,https://www.linkedin.com/in/rodrigo-bertola-delta,Ed Bastian,Chief Executive Officer,ed.bastian@delta.com,https://www.linkedin.com/in/ed-bastian-delta,,,,,Contactado (Toque 1),2026-10-01,2026-10-07,Felicitaciones por la excelencia operativa y el galardón continuo a la puntualidad y experiencia al cliente de Delta en rutas norteamericanas e internacionales.,
3,A · ANCLAS,Diageo North America,Capa 3,MARCAS AMERICANAS CON BUDGET HISPANO,Capa 1,← CORREGIDA,Contacto encontrado · falta verificar,Authority 50K / Signature 75K / Presenting 100K,5.000 - 10.000,,"New York, NY / Coral Gables Commercial",https://www.diageo.com,Sally Grimes,Chief Executive Officer North America,sally.grimes@diageo.com,https://www.linkedin.com/in/sally-grimes,Cristina Diezhandino,Global Chief Marketing Officer,cristina.diezhandino@diageo.com,https://www.linkedin.com/in/cristina-diezhandino,Luis Perret Gentil,Procurement Director North America,luis.perret@diageo.com,https://www.linkedin.com/in/luisperretgentil/es,,,,,Contactado (Toque 2),2026-09-29,2026-10-05,Felicitaciones por la celebracion y autenticidad con la que marcas como Tequila Don Julio representan el orgullo de nuestra cultura.,
3,A · ANCLAS,Fidelity Investments,Capa 3,MARCAS AMERICANAS CON BUDGET HISPANO,Capa 2,← CORREGIDA,Contacto encontrado · falta verificar,Authority 50K / Signature 75K / Presenting 100K,5.000 - 10.000,,"Boston, MA / Florida Regional Centers",https://www.fidelity.com,Lou Aversano,Head of Marketing & Social Platforms,lou.aversano@fidelity.com,https://www.linkedin.com/in/louaversano,Tracy Lemoine,SVP & Chief Marketing Officer Solutions,tracy.lemoine@fidelity.com,https://www.linkedin.com/in/tracy-lemoine-747a077,Abigail Johnson,Chairman and CEO,abigail.johnson@fidelity.com,https://www.linkedin.com/in/abigail-johnson-fidelity,,,,,Por validar,,,Felicitamos a Fidelity por su liderazgo en democratización de inversión y sus recursos educativos dirigidos a la comunidad hispana en Estados Unidos.,
3,A · ANCLAS,Florida Blue (GuideWell),Capa 3,MARCAS AMERICANAS CON BUDGET HISPANO,Capa 3,,Contacto encontrado · falta verificar,Authority 50K / Signature 75K / Presenting 100K,5.000 - 10.000,,"Jacksonville, FL / Miami Regional Centers",https://www.floridablue.com,Pat Geraghty,President and CEO GuideWell & Florida Blue,pat.geraghty@floridablue.com,https://www.linkedin.com/in/patrick-geraghty,Brian D. Pieninck,Board Chair & Executive Leader,brian.pieninck@guidewell.com,https://www.linkedin.com/in/briandavidpieninck,Sarah Iselin,Executive VP & Chief Commercial Officer,sarah.iselin@floridablue.com,https://www.linkedin.com/in/sarah-iselin,,,,,Por validar,,,Invaluable la labor comunitaria de Pat Geraghty y Florida Blue asegurando el acceso equitativo a la salud de las familias del sur de la Florida.,
3,A · ANCLAS,Florida Power & Light (FPL / NextEra Energy),Capa 3,MARCAS AMERICANAS CON BUDGET HISPANO,Capa 2,← CORREGIDA,Contacto encontrado · falta verificar,Authority 50K / Signature 75K / Presenting 100K,5.000 - 10.000,,"Juno Beach, FL / Miami Operations",https://www.fpl.com,Kimberly Blair,Senior Director External Affairs & Community Relations,kimberly.blair@fpl.com,https://www.linkedin.com/in/kimberly-blair-2861416,Armando Pimentel,President & Chief Executive Officer,armando.pimentel@fpl.com,https://www.linkedin.com/in/armando-pimentel-fpl,John Ketchum,"Chairman, President and CEO NextEra Energy",john.ketchum@nexteraenergy.com,https://www.linkedin.com/in/john-ketchum-nextera,,,,,Contactado (Toque 2),2026-09-29,2026-10-05,Reconocemos la resiliencia y avance en energía limpia que FPL y NextEra despliegan continuamente en la infraestructura estratégica del estado de Florida.,
3,A · ANCLAS,Ford Motor Company,Capa 3,MARCAS AMERICANAS CON BUDGET HISPANO,Capa 3,,Contacto encontrado · falta verificar,Authority 50K / Signature 75K / Presenting 100K,5.000 - 10.000,,"Dearborn, MI / Florida Regional Sales",https://www.ford.com,Lisa Materazzo,Global Chief Marketing Officer,lmateraz@ford.com,https://www.linkedin.com/in/lmaterazzo,Jim Farley,President & Chief Executive Officer,jfarley@ford.com,https://www.linkedin.com/in/jim-farley-ford,Natalie Baccarin,VP Marketing Operations,nbaccari@ford.com,https://www.linkedin.com/in/natalie-baccarin-0370b295,,,,,Por validar,,,La solidez y tradicion de la F-150 de Ford es el simbolo vivo de la dedicacion y el esfuerzo de los constructores y emprendedores de Norteamerica.,
3,A · ANCLAS,General Mills,Capa 3,MARCAS AMERICANAS CON BUDGET HISPANO,Capa 2,← CORREGIDA,Contacto encontrado · falta verificar,Authority 50K / Signature 75K / Presenting 100K,5.000 - 10.000,,"Minneapolis, MN / South Florida Hub",https://www.generalmills.com,Doug Martin,Chief Brand & Disruptive Growth Officer,doug.martin@genmills.com,https://www.linkedin.com/in/doug-martin-332a831,Jeffrey Harmening,Chairman and Chief Executive Officer,jeffrey.harmening@genmills.com,https://www.linkedin.com/in/jeffrey-harmening,Kofi Bruce,Chief Financial Officer,kofi.bruce@genmills.com,https://www.linkedin.com/in/kofi-bruce,,,,,Por validar,,,Admiramos la estrategia de innovación disruptiva de General Mills y su compromiso con la nutrición y sustentabilidad alimentaria.,
3,A · ANCLAS,Heineken USA (Tecate / Dos Equis),Capa 3,MARCAS AMERICANAS CON BUDGET HISPANO,Capa 3,,Contacto encontrado · falta verificar,Authority 50K / Signature 75K / Presenting 100K,5.000 - 10.000,,"White Plains, NY / South Florida Markets",https://www.heinekenusa.com,Brian Thompson,Chief Marketing Officer,brian.thompson@heinekenusa.com,https://www.linkedin.com/in/brian-thompson-8ab942196,Maggie Timoney,Chief Executive Officer,maggie.timoney@heinekenusa.com,https://www.linkedin.com/in/maggie-timoney-heineken,Pedro Alves Antunes,VP Marketing Americas Region,pedro.alves@heineken.com,https://www.linkedin.com/in/pedroalvesantunes,,,,,Por validar,,,Felicitaciones a Brian Thompson por la frescura con la que Heineken USA celebra el caracter y dinamismo del consumidor bicultural en Estados Unidos.,
3,A · ANCLAS,Kenvue (Johnson & Johnson Consumer),Capa 3,MARCAS AMERICANAS CON BUDGET HISPANO,Capa 2,← CORREGIDA,Contacto encontrado · falta verificar,Authority 50K / Signature 75K / Presenting 100K,5.000 - 10.000,,"Skillman, NJ / Florida Commercial Centers",https://www.kenvue.com,Charmaine England,Chief Growth Officer,cengland@kenvue.com,https://www.linkedin.com/in/charmaine-england,Joanie Beauchemin,Customer Development & Commercial Leader,jbeauche@kenvue.com,https://ca.linkedin.com/in/joanie-beauchemin,Thibaut Mongon,Chief Executive Officer,tmongon@kenvue.com,https://www.linkedin.com/in/thibaut-mongon,,,,,Por validar,,,Gran reconocimiento al exitoso debut de Kenvue como la compañía de salud del consumidor más grande del mundo y su ciencia enfocada en el cuidado diario.,
3,A · ANCLAS,"Lowe's Companies, Inc.",Capa 3,MARCAS AMERICANAS CON BUDGET HISPANO,Capa 3,,Contacto encontrado · falta verificar,Authority 50K / Signature 75K / Presenting 100K,5.000 - 10.000,,"Mooresville, NC / Florida Stores",https://www.lowes.com,Jennifer Wilson,EVP & Chief Marketing Officer,jennifer.wilson@lowes.com,https://www.linkedin.com/in/jennifer-wilson-2641a65,Marvin Ellison,Chairman and Chief Executive Officer,marvin.ellison@lowes.com,https://www.linkedin.com/in/marvin-ellison-lowes,Elyse Blouin,VP & GM Lowe's Media Network,elyse.blouin@lowes.com,https://www.linkedin.com/in/elyseblouin,,,,,Por validar,,,Destacamos la vision de Jennifer Wilson y Marvin Ellison fortaleciendo los lazos de Lowe's con contratistas independientes y comunidades hispanas.,
3,A · ANCLAS,Mondelēz International,Capa 3,MARCAS AMERICANAS CON BUDGET HISPANO,Capa 2,← CORREGIDA,Contacto encontrado · falta verificar,Authority 50K / Signature 75K / Presenting 100K,5.000 - 10.000,,"Chicago, IL / Coral Gables, FL (LatAm HQ)",https://www.mondelezinternational.com,Mie-Leng Wong,SVP Global Brands & Chief Marketing Officer,mie-leng.wong@mdlz.com,https://ch.linkedin.com/in/mie-leng-wong,Jonathan Halvorson,SVP Global Consumer Experience & Digital Commerce,jonathan.halvorson@mdlz.com,https://www.linkedin.com/in/jonathanhalvorson,Dirk Van de Put,Chairman and Chief Executive Officer,dirk.vandeput@mdlz.com,https://www.linkedin.com/in/dirk-vandeput,,,,,Contactado (Toque 2),2026-09-29,2026-10-05,Destacamos la visión de Mindful Snacking de Mondelēz y su continua capacidad de reinventar marcas icónicas para nuevas generaciones.,
3,A · ANCLAS,New York Life Insurance Company,Capa 3,MARCAS AMERICANAS CON BUDGET HISPANO,Capa 2,← CORREGIDA,Contacto encontrado · falta verificar,Authority 50K / Signature 75K / Presenting 100K,5.000 - 10.000,,"New York, NY / Florida Agencies",https://www.newyorklife.com,Amy Hu,Chief Marketing Officer,amy_hu@newyorklife.com,https://www.linkedin.com/in/amyhu2,Laura Languidey,Latino Market Marketing & Recruiting Manager,laura_languidey@newyorklife.com,https://www.linkedin.com/in/lauralanguidey,Craig DeSanto,"Chair, President and CEO",craig_desanto@newyorklife.com,https://www.linkedin.com/in/craig-desanto,,,,,Contactado (Toque 2),2026-09-29,2026-10-05,Admiramos la solidez centenaria de New York Life y su programa enfocado en el crecimiento patrimonial y protección financiera de familias hispanas.,
3,A · ANCLAS,Nissan North America,Capa 3,MARCAS AMERICANAS CON BUDGET HISPANO,Capa 1,← CORREGIDA,Contacto encontrado · falta verificar,Authority 50K / Signature 75K / Presenting 100K,5.000 - 10.000,,"Franklin, TN / Miami Commercial Regional",https://www.nissanusa.com,Marisstella Marinkovic,Chief Marketing Officer US,marisstella.marinkovic@nissan-usa.com,https://www.linkedin.com/in/mmarinkovic,Allyson Witherspoon,Corporate VP Global Marketing,allyson.witherspoon@nissan-usa.com,https://www.linkedin.com/in/allysonwitherspoon,Jeremie Papin,Senior VP & Chairperson Nissan Americas,jeremie.papin@nissan-usa.com,https://www.linkedin.com/in/jeremie-papin-nissan,,,,,Contactado (Toque 2),2026-09-29,2026-10-05,Gran trabajo de Marisstella Marinkovic al frente del marketing de Nissan fortaleciendo la pasion automotriz y la lealtad de la comunidad hispana.,
3,A · ANCLAS,Procter & Gamble (P&G),Capa 3,MARCAS AMERICANAS CON BUDGET HISPANO,Capa 1,← CORREGIDA,Contacto encontrado · falta verificar,Authority 50K / Signature 75K / Presenting 100K,5.000 - 10.000,,"Cincinnati, OH / Miami Operations",https://www.pg.com,Marc Pritchard,Chief Brand Officer,pritchard.m@pg.com,https://www.linkedin.com/in/marc-pritchard-pg,Kainaz Gazder,Senior VP & Chief Marketing Officer,gazder.k@pg.com,https://sg.linkedin.com/in/kainaz-gazder-88103a3,Jon R. Moeller,"Chairman, President and CEO",moeller.jr@pg.com,https://www.linkedin.com/in/jon-moeller-pg,,,,,Contactado (Toque 2),2026-09-29,2026-10-05,Inspirador el liderazgo de Marc Pritchard impulsando la efectividad creativa y la inclusión con impacto medible en las marcas de P&G.,
3,A · ANCLAS,Remitly Global,Capa 3,MARCAS AMERICANAS CON BUDGET HISPANO,Capa 2,← CORREGIDA,Contacto encontrado · falta verificar,Authority 50K / Signature 75K / Presenting 100K,5.000 - 10.000,,"Seattle, WA / Florida Regional Operations",https://www.remitly.com,Guillaume McIntyre,VP of Growth Marketing,guillaume.mcintyre@remitly.com,https://www.linkedin.com/in/guillaumemcintyre,Matt Oppenheimer,Co-Founder & Chief Executive Officer,matt@remitly.com,https://www.linkedin.com/in/mattoppenheimer,Rishi Sharma,Chief Legal & Corporate Affairs Officer,rishi.sharma@remitly.com,https://www.linkedin.com/in/rishi-sharma-remitly,,,,,Por validar,,,Admiramos la transparencia y rapidez con la que Remitly dignifica el envio de remesas hacia cada rincon de America Latina.,
3,A · ANCLAS,Royal Caribbean Group,Capa 3,MARCAS AMERICANAS CON BUDGET HISPANO,Capa 1,← CORREGIDA,Contacto encontrado · falta verificar,Authority 50K / Signature 75K / Presenting 100K,5.000 - 10.000,,"Miami, FL (Port of Miami HQ)",https://www.royalcaribbeangroup.com,Kara Wallace,Chief Marketing Officer,kwallace@rccl.com,https://www.linkedin.com/in/kara-wallace-7359552,Jason Liberty,President & Chief Executive Officer,jliberty@rccl.com,https://www.linkedin.com/in/jason-liberty-rccl,Michael Bayley,President and CEO Royal Caribbean International,mbayley@rccl.com,https://www.linkedin.com/in/michael-bayley-rccl,,,,,Por validar,,,Impactante el lanzamiento del Icon of the Seas y la vanguardia arquitectónica con la que Royal Caribbean revoluciona el turismo global desde Miami.,
3,A · ANCLAS,The Hershey Company,Capa 3,MARCAS AMERICANAS CON BUDGET HISPANO,Capa 2,← CORREGIDA,Contacto encontrado · falta verificar,Authority 50K / Signature 75K / Presenting 100K,5.000 - 10.000,,"Hershey, PA / Florida Commercial Hub",https://www.thehersheycompany.com,David Wrubleski,Manager Omnichannel Marketing Strategy,dwrubleski@hersheys.com,https://www.linkedin.com/in/david-wrubleski-83a01172,Michele Buck,"Chairman, President and Chief Executive Officer",mbuck@hersheys.com,https://www.linkedin.com/in/michele-buck-hershey,Rohit Grover,President International,rgrover@hersheys.com,https://www.linkedin.com/in/rohit-grover-hershey,,,,,Contactado (Toque 1),2026-10-01,2026-10-07,Felicitaciones por la innovación continua de The Hershey Company combinando tradición centenaria con nuevas experiencias de indulgencia.,
3,A · ANCLAS,The J.M. Smucker Co. (Cafe Bustelo),Capa 3,MARCAS AMERICANAS CON BUDGET HISPANO,Capa 1,← CORREGIDA,Contacto encontrado · falta verificar,Authority 50K / Signature 75K / Presenting 100K,5.000 - 10.000,,"Orrville, OH / Miami Operations",https://www.cafebustelo.com,Gail Hollander,Chief Marketing Officer,gail.hollander@jmsmucker.com,https://www.linkedin.com/in/gail-hollander-43b8397,Katie Williams,Chief Marketing Officer Coffee Division,katie.williams@jmsmucker.com,https://www.linkedin.com/in/katie-williams1913,Mark Smucker,"Chair of the Board, President and CEO",mark.smucker@jmsmucker.com,https://www.linkedin.com/in/mark-smucker,,,,,Contactado (Toque 2),2026-09-29,2026-10-05,El sabor inconfundible y la identidad audaz de Cafe Bustelo es el latido matutino que une a todos los profesionales hispanos de Estados Unidos.,
3,A · ANCLAS,The Kraft Heinz Company,Capa 3,MARCAS AMERICANAS CON BUDGET HISPANO,Capa 2,← CORREGIDA,Contacto encontrado · falta verificar,Authority 50K / Signature 75K / Presenting 100K,5.000 - 10.000,,"Chicago, IL / Miami Hub",https://www.kraftheinzcompany.com,Diana Frost,Global Chief Growth Officer,diana.frost@kraftheinz.com,https://www.linkedin.com/in/diana-frost-growth,Carlos Abrams-Rivera,Chief Executive Officer,carlos.abrams-rivera@kraftheinz.com,https://www.linkedin.com/in/carlos-abrams-rivera,Todd Kaplan,Chief Growth & Marketing Officer North America,todd.kaplan@kraftheinz.com,https://www.linkedin.com/in/todd-kaplan,,,,,Contactado (Toque 2),2026-09-29,2026-10-05,Un orgullo ver el liderazgo de Carlos Abrams-Rivera al frente de Kraft Heinz transformando la agilidad creativa y comercial del portafolio.,
3,A · ANCLAS,The Wendy's Company,Capa 3,MARCAS AMERICANAS CON BUDGET HISPANO,Capa 3,,Contacto encontrado · falta verificar,Authority 50K / Signature 75K / Presenting 100K,5.000 - 10.000,,"Dublin, OH / Florida Operations",https://www.wendys.com,Lindsay Radkoski,Chief Marketing Officer U.S.,lindsay.radkoski@wendys.com,https://www.linkedin.com/in/lindsay-radkoski,Kirk Tanner,President & Chief Executive Officer,kirk.tanner@wendys.com,https://www.linkedin.com/in/kirk-tanner-wendys,Liz Geraghty,Chief Marketing Officer International,liz.geraghty@wendys.com,https://www.linkedin.com/in/liz-geraghty-4173a75,,,,,Contactado (Toque 2),2026-09-29,2026-10-05,Admiramos la genialidad en redes y la consistencia de Wendy's construyendo una voz de marca fresca y autentica que lidera la conversacion de la industria.,
3,A · ANCLAS,Verizon Communications,Capa 3,MARCAS AMERICANAS CON BUDGET HISPANO,Capa 1,← CORREGIDA,Contacto encontrado · falta verificar,Authority 50K / Signature 75K / Presenting 100K,5.000 - 10.000,,"New York, NY / Florida Regional Operations",https://www.verizon.com,Leslie Berland,Executive VP & Chief Marketing Officer,leslie.berland@verizon.com,https://www.linkedin.com/in/leslie-berland-1741781,Tom Zimmerman,SVP & Chief Marketing Officer Verizon Business,tom.zimmerman@verizon.com,https://www.linkedin.com/in/tomzimmerman1,Hans Vestberg,Chairman and Chief Executive Officer,hans.vestberg@verizon.com,https://www.linkedin.com/in/hans-vestberg,,,,,Contactado (Toque 1),2026-09-30,2026-10-06,Felicitaciones a Leslie Berland por su enfoque humano y dinamico reposicionando a Verizon como la red de confianza de los creadores y lideres de negocios.,
3,A · ANCLAS,Walmart Inc.,Capa 3,MARCAS AMERICANAS CON BUDGET HISPANO,Capa 3,,Contacto encontrado · falta verificar,Authority 50K / Signature 75K / Presenting 100K,5.000 - 10.000,,"Bentonville, AR / South Florida Stores",https://www.walmart.com,William White,Chief Marketing Officer,william.white@walmart.com,https://www.linkedin.com/in/williamallenwhite,Donna Morris,Executive VP & Chief People Officer,donna.morris@walmart.com,https://www.linkedin.com/in/donnamorris,Doug McMillon,President & Chief Executive Officer,doug.mcmillon@walmart.com,https://www.linkedin.com/in/doug-mcmillon,,,,,Contactado (Toque 2),2026-09-29,2026-10-05,La iniciativa 'Juntos Somos Más' y el apoyo continuo a proveedores hispanos demuestran el compromiso de Walmart con nuestra comunidad.,Walmart Inc
3,A · ANCLAS,Western Union,Capa 3,MARCAS AMERICANAS CON BUDGET HISPANO,Capa 2,← CORREGIDA,Contacto encontrado · falta verificar,Authority 50K / Signature 75K / Presenting 100K,5.000 - 10.000,,"Denver, CO / Miami Regional Offices",https://www.westernunion.com,Devin McGranahan,President & Chief Executive Officer,devin.mcgranahan@westernunion.com,https://www.linkedin.com/in/devin-mcgranahan,Tyler Hand,Chief Compliance & Ethics Officer,tyler.hand@westernunion.com,https://www.linkedin.com/in/tyler-hand-wu,Bob Rupczynski,Senior Advisor Global Digital Marketing,bob.rupczynski@westernunion.com,https://www.linkedin.com/in/bobrup,,,,,Contactado (Toque 2),2026-09-29,2026-10-05,Seguimos de cerca la evolucion del ecosistema de billeteras digitales de Western Union para servir a comunidades en movimiento.,
3,A · ANCLAS,Anheuser-Busch InBev,Capa 3,MARCAS AMERICANAS CON BUDGET HISPANO,Capa 3,,Encontrado sin email · pendiente verificar buzón,Authority 50K / Signature 75K / Presenting 100K,5.000 - 10.000,,"St. Louis, MO / New York, NY",ab-inbev.com,Marcel Marcondes,Global Chief Marketing Officer,,https://www.linkedin.com/in/marcel-marcondes-abinbev,Brendan Whitworth,Chief Executive Officer Anheuser-Busch US,,https://www.linkedin.com/in/brendan-whitworth-ab,,,,,,,,2026-09-28,Contactado (Toque 1),2026-09-30,2026-10-06,Michelob Ultra y Corona han sabido conectar con el estilo de vida activo y la pasión deportiva de la comunidad hispana en EE. UU.,
3,A · ANCLAS,General Motors (Chevrolet),Capa 3,MARCAS AMERICANAS CON BUDGET HISPANO,Capa 3,,Encontrado sin email · pendiente verificar buzón,Authority 50K / Signature 75K / Presenting 100K,5.000 - 10.000,,"Detroit, MI / Florida Markets",gm.com,Norm de Greve,Senior VP & Global Chief Marketing Officer,,https://www.linkedin.com/in/normdegreve,Steve Majoros,VP of Marketing Chevrolet,,https://www.linkedin.com/in/steve-majoros-gm,Mary Barra,Chair and Chief Executive Officer,,https://www.linkedin.com/in/mary-barra-gm,,,,2026-09-28,Por validar,,,Chevrolet Silverado y la transición eléctrica de GM conectan profundamente con los emprendedores y trabajadores de nuestra comunidad.,
3,A · ANCLAS,JPMorgan Chase & Co.,Capa 3,MARCAS AMERICANAS CON BUDGET HISPANO,Capa 3,,Encontrado sin email · pendiente verificar buzón,Authority 50K / Signature 75K / Presenting 100K,5.000 - 10.000,,"New York, NY / Miami Private Banking",jpmorganchase.com,Carla Hassan,Chief Marketing Officer,,https://www.linkedin.com/in/carla-hassan-jpmc,Silvana Montenegro,Global Head of Advancing Hispanics & Latinos,,https://www.linkedin.com/in/silvana-montenegro-jpmc,Jamie Dimon,Chairman and Chief Executive Officer,,https://www.linkedin.com/in/jamie-dimon-jpmc,,,,2026-09-28,Por validar,,,La iniciativa 'Advancing Black and Hispanic Wealth' y su compromiso crediticio en Miami marcan la pauta en inclusión económica.,
3,A · ANCLAS,State Farm Insurance,Capa 3,MARCAS AMERICANAS CON BUDGET HISPANO,Capa 3,,Encontrado sin email · pendiente verificar buzón,Authority 50K / Signature 75K / Presenting 100K,5.000 - 10.000,,"Bloomington, IL / Florida Operations",statefarm.com,Kristyn Cook,"Executive VP & Chief Agency, Sales & Marketing Officer",,https://www.linkedin.com/in/kristyn-cook-statefarm,Michael Tipsord,Chairman and Chief Executive Officer,,https://www.linkedin.com/in/michael-tipsord-statefarm,,,,,,,,2026-09-28,Por validar,,,Su presencia comunitaria con agentes locales bilingües convierte a State Farm en el vecino de confianza de millones de hogares hispanos.,
3,A · ANCLAS,T-Mobile US,Capa 3,MARCAS AMERICANAS CON BUDGET HISPANO,Capa 3,,Encontrado sin email · pendiente verificar buzón,Authority 50K / Signature 75K / Presenting 100K,5.000 - 10.000,,"Bellevue, WA / Florida Regional",t-mobile.com,Mike Katz,"President of Marketing, Strategy & Products",,https://www.linkedin.com/in/mikekatz,Mike Sievert,Chief Executive Officer,,https://www.linkedin.com/in/mike-sievert,,,,,,,,2026-09-28,Contactado (Toque 1),2026-10-01,2026-10-07,T-Mobile y Metro han revolucionado la conectividad móvil de las familias hispanas con planes transparentes y gran arraigo cultural.,
3,A · ANCLAS,Taco Bell Corp. (Yum! Brands),Capa 3,MARCAS AMERICANAS CON BUDGET HISPANO,Capa 3,,Encontrado sin email · pendiente verificar buzón,Authority 50K / Signature 75K / Presenting 100K,5.000 - 10.000,,"Irvine, CA",tacobell.com,Luis Restrepo,Chief Marketing Officer Taco Bell US,,https://www.linkedin.com/in/luis-restrepo-75b272100,Sean Tresvant,Chief Executive Officer Taco Bell Corp.,,https://www.linkedin.com/in/sean-tresvant,,,,,,,,2026-09-28,Contactado (Toque 1),2026-09-30,2026-10-06,Brillante la modernización cultural del menú y la continua celebración del sabor y la creatividad en el mercado norteamericano.,
3,A · ANCLAS,Target Corporation,Capa 3,MARCAS AMERICANAS CON BUDGET HISPANO,Capa 3,,Encontrado sin email · pendiente verificar buzón,Authority 50K / Signature 75K / Presenting 100K,5.000 - 10.000,,"Minneapolis, MN / Florida Stores",target.com,Lisa Roath,Executive VP & Chief Marketing Officer,,https://www.linkedin.com/in/lisa-roath,Brian Cornell,Board Chair and Chief Executive Officer,,https://www.linkedin.com/in/brian-cornell-target,,,,,,,,2026-09-28,Contactado (Toque 1),2026-09-30,2026-10-06,La aceleradora 'Target Más Que' y su inversión en marcas fundadas por latinos reflejan un liderazgo indiscutible en inclusión.,
3,A · ANCLAS,The Home Depot,Capa 3,MARCAS AMERICANAS CON BUDGET HISPANO,Capa 3,,Encontrado sin email · pendiente verificar buzón,Authority 50K / Signature 75K / Presenting 100K,5.000 - 10.000,,"Atlanta, GA / South Florida Stores",homedepot.com,Molly Battin,Senior VP & Chief Marketing Officer,,https://www.linkedin.com/in/molly-battin,Ted Decker,"Chair, President and CEO",,https://www.linkedin.com/in/ted-decker-homedepot,Hector Padilla,Executive VP US Stores and Operations,,https://www.linkedin.com/in/hector-padilla-homedepot,,,,2026-09-28,Contactado (Toque 1),2026-09-30,2026-10-06,El programa de apoyo a contratistas hispanos y la alianza con la Hispanic Heritage Foundation son un referente de impacto comunitario.,
3,A · ANCLAS,Wells Fargo & Company,Capa 3,MARCAS AMERICANAS CON BUDGET HISPANO,Capa 3,,Encontrado sin email · pendiente verificar buzón,Authority 50K / Signature 75K / Presenting 100K,5.000 - 10.000,,"San Francisco, CA / Miami Commercial Hub",wellsfargo.com,Reetika Grewal,Head of Digital for Commercial Banking & Payments,,https://www.linkedin.com/in/reetika-grewal,Charlie Scharf,Chief Executive Officer & President,,https://www.linkedin.com/in/charliescharf,,,,,,,,2026-09-28,Por validar,,,El programa 'Our Money 101' y el financiamiento hipotecario a familias latinas demuestran su compromiso con el patrimonio hispano.,
